Num_Acc;id_vehicule;num_veh;senc;catv;obs;obsm;choc;manv;motor;occutc
202300000017;155 680 527;B01;2;1;0;2;1;13;5;
202300000025;155 680 513;C01;0;1;0;0;0;2;5;
202300000026;155 680 512;B01;1;80;0;2;0;1;3;
202300000033;155 680 500;B01;1;1;0;2;0;2;5;
202300000033;155 680 501;A01;1;1;0;2;0;26;5;
202300000042;155 680 487;A01;0;1;0;1;1;2;5;
202300000047;155 680 476;A01;2;1;0;0;7;0;5;
202300000049;155 680 471;C01;2;1;0;0;4;0;5;
202300000049;155 680 472;B01;2;1;0;0;6;0;5;
202300000064;155 680 450;A01;2;1;0;2;1;1;5;
202300000118;155 680 351;B01;2;1;0;2;4;2;5;
202300000137;155 680 311;B01;1;80;0;2;4;1;3;
202300000140;155 680 307;B01;2;1;0;2;8;1;5;
202300000142;155 680 301;B01;2;1;0;2;7;1;5;
202300000146;155 680 294;B01;1;1;0;2;8;15;5;
202300000172;155 680 251;B01;0;1;0;0;0;0;5;
202300000187;155 680 227;A01;2;80;0;2;1;2;3;
202300000203;155 680 202;B01;0;1;0;2;2;1;0;
202300000217;155 680 175;A01;1;80;0;2;0;1;3;
202300000221;155 680 165;B01;1;1;0;0;6;2;5;
202300000261;155 680 094;B01;1;1;0;2;4;1;5;
202300000264;155 680 088;A01;1;80;0;1;3;1;3;
202300000279;155 680 061;B01;2;1;0;2;4;19;5;
202300000284;155 680 052;B01;3;1;0;2;0;26;5;
202300000285;155 680 049;A01;1;1;0;2;1;1;5;
202300000286;155 680 047;B01;1;1;0;2;1;1;5;
202300000291;155 680 037;B01;0;1;0;2;4;0;5;
202300000294;155 680 031;B01;2;1;0;2;1;1;5;
202300000296;155 680 025;A01;3;1;0;9;0;2;5;
202300000304;155 680 009;A01;3;1;0;2;1;19;5;
202300000306;155 680 004;A01;3;1;0;2;8;19;5;
202300000326;155 679 970;B01;3;1;0;2;7;1;5;
202300000349;155 679 925;A01;3;1;0;2;1;26;5;
202300000390;155 679 858;B01;1;1;16;0;7;25;5;
202300000423;155 679 796;A01;2;1;0;2;8;19;5;
202300000433;155 679 780;A01;1;1;0;0;0;1;5;
202300000437;155 679 771;A01;0;1;0;0;1;1;5;
202300000464;155 679 729;B01;3;80;0;2;2;1;3;
202300000465;155 679 726;B01;1;1;0;2;2;1;5;
202300000484;155 679 695;B01;2;1;0;2;1;1;5;
202300000489;155 679 687;A01;1;1;0;2;1;1;5;
202300000494;155 679 677;B01;2;1;0;2;1;1;5;
202300000499;155 679 669;A01;1;1;0;1;1;5;5;
202300000520;155 679 630;B01;1;1;0;2;1;1;5;
202300000520;155 679 632;C01;1;1;0;2;1;0;5;
202300000524;155 679 624;B01;2;1;0;2;3;19;5;
202300000526;155 679 620;A01;1;1;0;2;2;19;5;
202300000528;155 679 616;B01;2;1;0;2;1;19;5;
202300000531;155 679 610;B01;2;1;0;2;8;1;5;
202300000537;155 679 596;B01;1;1;0;2;1;1;5;
202300000541;155 679 591;A01;1;1;0;1;1;1;5;
202300000545;155 679 585;B01;3;1;0;2;8;19;5;
202300000567;155 679 552;B01;3;1;0;4;8;18;5;
202300000570;155 679 546;B01;3;1;0;2;1;0;5;
202300000574;155 679 536;A01;1;80;0;2;1;13;3;
202300000574;155 679 537;B01;2;80;0;2;1;21;3;
202300000584;155 679 516;C01;1;1;0;2;7;19;5;
202300000584;155 679 517;B01;1;1;0;2;7;19;5;
202300000586;155 679 513;A01;1;1;0;0;0;1;5;
202300000593;155 679 497;A01;2;80;12;0;2;0;3;
202300000595;155 679 496;B01;2;1;0;2;1;17;5;
202300000606;155 679 476;B01;2;1;0;2;1;1;5;
202300000607;155 679 474;B01;1;1;0;2;6;1;5;
202300000614;155 679 463;B01;3;1;0;2;1;1;5;
202300000620;155 679 452;B01;1;80;0;2;1;1;3;
202300000622;155 679 448;B01;1;1;0;2;1;1;5;
202300000623;155 679 447;B01;2;80;0;2;8;1;3;
202300000625;155 679 444;B01;2;1;8;2;8;1;5;
202300000626;155 679 441;B01;3;1;0;2;7;1;5;
202300000627;155 679 438;A01;3;1;0;2;7;17;5;
202300000628;155 679 437;B01;1;1;0;2;1;1;5;
202300000634;155 679 424;B01;2;1;0;2;8;1;5;
202300000658;155 679 391;B01;2;1;0;2;8;1;5;
202300000660;155 679 384;A01;3;1;0;1;1;1;5;
202300000665;155 679 376;B01;1;1;0;2;1;2;5;
202300000668;155 679 370;B01;2;1;0;2;4;1;5;
202300000671;155 679 366;B01;1;1;0;2;0;26;5;
202300000691;155 679 331;B01;3;1;0;2;1;1;5;
202300000692;155 679 330;B01;3;1;0;2;1;9;5;
202300000701;155 679 310;A01;2;80;0;2;7;1;3;
202300000709;155 679 299;Y01;1;1;0;0;7;1;5;
202300000710;155 679 298;Y01;1;80;0;2;2;9;3;
202300000719;155 679 281;A01;2;1;0;2;8;18;5;
202300000722;155 679 275;A01;2;1;0;0;0;1;5;
202300000723;155 679 273;B01;2;1;0;2;1;1;5;
202300000725;155 679 269;A01;2;80;12;2;1;9;3;
202300000728;155 679 265;B01;3;1;0;2;1;19;5;
202300000754;155 679 219;A01;2;1;0;2;0;1;5;
202300000754;155 679 220;B01;2;1;0;2;0;1;5;
202300000754;155 679 222;C01;2;1;0;2;0;1;5;
202300000754;155 679 223;D01;2;1;0;2;0;1;5;
202300000765;155 679 201;B01;1;1;0;2;8;1;5;
202300000776;155 679 181;B01;1;1;0;2;2;19;5;
202300000782;155 679 174;B01;0;1;0;0;1;1;5;
202300000785;155 679 168;A01;2;80;0;2;1;2;3;
202300000791;155 679 158;A01;1;80;0;1;1;1;3;
202300000793;155 679 156;B01;1;1;0;2;4;1;5;
202300000802;155 679 142;B01;2;1;0;4;3;21;5;
202300000806;155 679 140;B01;1;80;0;2;1;1;3;
202300000808;155 679 134;A01;2;80;0;0;0;1;3;
202300000811;155 679 131;Y01;1;1;1;0;1;2;5;
202300000821;155 679 115;B01;3;1;0;2;1;15;5;
202300000823;155 679 110;B01;2;80;0;2;6;1;3;
202300000826;155 679 105;B01;1;1;0;2;0;1;5;
202300000829;155 679 100;A01;1;1;0;1;0;21;5;
202300000832;155 679 094;B01;2;80;9;2;7;17;3;
202300000832;155 679 095;A01;2;1;9;2;8;15;5;
202300000839;155 679 084;B01;2;1;0;0;4;1;5;
202300000842;155 679 077;B01;2;1;0;2;1;1;5;
202300000845;155 679 072;B01;0;1;0;4;0;0;5;
202300000849;155 679 066;B01;2;1;0;2;1;1;5;
202300000854;155 679 051;A01;3;80;0;1;8;1;3;
202300000899;155 678 990;A01;2;1;0;2;1;1;5;
202300000900;155 678 987;A01;2;1;0;0;1;2;5;
202300000912;155 678 967;A01;0;80;0;1;1;1;3;
202300000913;155 678 965;B01;1;1;0;2;1;1;5;
202300000919;155 678 955;A01;1;1;0;2;1;19;5;
202300000921;155 678 951;B01;1;1;0;2;8;1;5;
202300000926;155 678 939;B01;0;1;0;2;1;0;5;
202300000933;155 678 926;B01;3;1;0;0;4;1;5;
202300000950;155 678 899;B01;2;1;0;2;2;0;5;
202300000953;155 678 890;B01;0;1;0;2;1;2;5;
202300000965;155 678 868;A01;2;1;0;0;0;1;5;
202300000997;155 678 804;A01;3;1;0;1;1;1;5;
202300001001;155 678 800;B01;3;1;0;2;4;2;5;
202300001008;155 678 785;B01;2;1;0;2;2;1;5;
202300001017;155 678 772;B01;0;1;0;2;7;19;5;
202300001020;155 678 767;B01;0;1;0;2;4;1;5;
202300001022;155 678 763;B01;3;1;0;2;7;1;5;
202300001026;155 678 757;B01;2;1;0;2;1;1;5;
202300001045;155 678 721;B01;3;1;0;2;8;9;5;
202300001055;155 678 702;B01;3;1;0;2;1;19;5;
202300001059;155 678 693;B01;2;80;0;2;1;1;3;
202300001074;155 678 665;B01;3;1;0;2;2;1;5;
202300001081;155 678 655;B01;2;1;0;2;8;1;5;
202300001081;155 678 658;A01;2;1;0;2;7;14;5;
202300001092;155 678 637;B01;1;1;0;2;7;1;5;
202300001102;155 678 614;B01;2;1;0;2;3;1;5;
202300001107;155 678 608;A01;1;1;0;1;1;1;5;
202300001112;155 678 600;A01;2;80;0;2;1;23;3;
202300001120;155 678 586;B01;2;1;14;0;1;26;5;
202300001130;155 678 566;A01;2;1;0;1;1;1;5;
202300001131;155 678 569;B01;2;1;0;2;1;1;5;
202300001144;155 678 546;B01;2;1;0;2;8;1;5;
202300001163;155 678 512;A01;1;1;0;2;7;15;5;
202300001170;155 678 499;A01;1;1;1;2;1;2;5;
202300001172;155 678 497;B01;3;1;0;2;7;9;5;
202300001175;155 678 490;A01;1;1;1;0;6;1;5;
202300001184;155 678 472;A01;1;1;0;1;1;1;5;
202300001186;155 678 468;A01;1;80;0;2;1;1;3;
202300001191;155 678 455;B01;2;1;0;2;8;1;5;
202300001198;155 678 447;B01;1;1;0;2;1;1;5;
202300001204;155 678 437;A01;1;1;0;2;1;1;5;
202300001209;155 678 430;A01;2;1;0;2;2;1;5;
202300001216;155 678 419;B01;2;1;0;2;8;19;5;
202300001221;155 678 411;B01;1;1;0;0;4;15;5;
202300001225;155 678 403;B01;1;1;0;2;2;1;5;
202300001229;155 678 397;B01;2;1;0;2;8;1;5;
202300001235;155 678 383;B01;2;1;0;2;1;1;5;
202300001312;155 678 252;A01;1;1;0;2;5;14;5;
202300001312;155 678 254;B01;1;1;0;2;6;1;5;
202300001316;155 678 241;A01;3;1;0;2;1;13;5;
202300001316;155 678 242;B01;3;1;0;2;1;16;5;
202300001317;155 678 246;B01;1;1;0;2;1;1;5;
202300001318;155 678 243;B01;3;80;0;2;8;9;3;
202300001337;155 678 214;B01;1;80;0;2;4;2;3;
202300001340;155 678 207;Z01;1;1;0;1;1;1;5;
202300001344;155 678 204;B01;3;1;0;2;1;2;5;
202300001346;155 678 196;A01;1;1;0;2;1;1;5;
202300001351;155 678 191;B01;0;1;0;2;1;14;5;
202300001352;155 678 187;A01;2;1;1;0;1;1;5;
202300001353;155 678 186;B01;1;1;0;2;8;2;5;
202300001359;155 678 174;B01;2;1;0;2;4;1;5;
202300001360;155 678 170;A01;3;1;0;2;3;1;5;
202300001365;155 678 162;B01;0;1;0;2;8;9;5;
202300001381;155 678 136;A01;1;1;0;0;-1;1;5;
202300001387;155 678 124;B01;1;1;0;2;8;1;5;
202300001392;155 678 116;A01;1;1;0;0;-1;1;5;
202300001393;155 678 115;B01;3;1;0;2;1;26;5;
202300001404;155 678 098;B01;2;1;0;0;7;1;5;
202300001408;155 678 090;B01;2;1;0;2;3;1;5;
202300001411;155 678 086;B01;2;80;0;2;7;1;3;
202300001416;155 678 081;B01;1;1;0;2;1;1;5;
202300001423;155 678 068;B01;2;1;0;0;8;1;5;
202300001430;155 678 057;B01;1;1;0;2;2;9;5;
202300001460;155 678 009;A01;2;1;14;0;1;1;5;
202300001464;155 678 004;B01;1;1;0;2;1;1;5;
202300001484;155 677 963;A01;1;1;0;0;0;25;5;
202300001485;155 677 964;B01;2;1;0;2;1;19;5;
202300001488;155 677 958;B01;2;80;0;2;8;1;3;
202300001490;155 677 951;C01;2;1;0;2;0;0;5;
202300001504;155 677 927;LB01;1;1;0;2;1;23;5;
202300001510;155 677 913;B01;1;1;0;4;8;26;5;
202300001518;155 677 900;B01;1;1;0;2;1;1;5;
202300001546;155 677 845;B01;3;1;0;0;0;0;5;
202300001566;155 677 797;A01;3;80;12;2;1;1;3;
202300001566;155 677 798;B01;3;80;0;2;1;1;3;
202300001568;155 677 793;B01;2;1;0;2;1;1;0;
202300001571;155 677 788;B01;1;1;0;0;3;1;5;
202300001583;155 677 770;A01;2;1;3;0;4;2;5;
202300001606;155 677 726;B01;3;1;0;0;1;1;5;
202300001608;155 677 722;B01;3;1;0;2;8;1;5;
202300001609;155 677 718;B01;2;1;0;2;8;16;5;
202300001618;155 677 705;B01;1;1;0;2;9;1;5;
202300001621;155 677 699;A01;1;1;0;0;0;1;5;
202300001623;155 677 697;A01;0;1;0;0;1;1;5;
202300001630;155 677 688;A01;2;1;0;0;1;1;5;
202300001631;155 677 685;A01;0;1;0;0;1;1;5;
202300001632;155 677 687;A01;1;1;0;2;0;19;5;
202300001633;155 677 684;A01;2;1;0;0;1;23;5;
202300001634;155 677 681;B01;2;1;0;2;1;1;5;
202300001649;155 677 649;B01;2;1;0;2;1;15;5;
202300001663;155 677 623;B01;1;80;0;2;3;1;3;
202300001670;155 677 612;B01;2;1;0;0;8;1;5;
202300001690;155 677 578;B01;0;1;0;2;1;0;5;
202300001704;155 677 554;B01;1;1;0;2;4;1;5;
202300001738;155 677 491;A01;3;1;0;0;8;1;5;
202300001750;155 677 472;B01;2;1;0;2;1;1;5;
202300001755;155 677 464;B01;1;1;0;0;7;19;5;
202300001756;155 677 461;B01;2;1;0;2;1;1;5;
202300001775;155 677 429;A01;3;1;14;0;1;19;5;
202300001780;155 677 420;B01;1;1;0;2;1;5;5;
202300001802;155 677 367;B01;0;1;0;2;4;1;5;
202300001813;155 677 351;B01;2;1;0;2;6;9;5;
202300001818;155 677 337;B01;3;80;0;2;8;19;3;
202300001828;155 677 318;B01;3;1;0;2;1;1;5;
202300001833;155 677 305;A01;2;1;0;2;2;14;5;
202300001833;155 677 307;B01;2;1;0;2;3;12;5;
202300001838;155 677 299;A01;1;80;0;2;1;1;3;
202300001839;155 677 297;B01;1;80;0;2;4;1;3;
202300001845;155 677 287;B01;3;1;0;2;4;2;5;
202300001851;155 677 279;B01;1;80;1;0;1;1;3;
202300001871;155 677 246;B01;0;1;0;2;3;11;5;
202300001880;155 677 229;B01;0;1;0;2;3;19;5;
202300001886;155 677 220;B01;3;80;0;2;8;2;3;
202300001894;155 677 205;A01;1;1;0;2;8;15;5;
202300001894;155 677 206;B01;1;1;0;2;7;1;5;
202300001911;155 677 180;B01;-1;1;-1;-1;-1;-1;5;
202300001922;155 677 160;B01;1;1;0;2;2;1;5;
202300001926;155 677 152;A01;3;1;0;2;1;5;5;
202300001930;155 677 147;B01;0;1;0;2;0;0;5;
202300001932;155 677 144;A01;3;1;14;0;0;0;5;
202300001939;155 677 134;B01;0;1;0;2;7;13;5;
202300001988;155 677 045;A01;1;1;0;0;0;1;5;
202300001989;155 677 044;A01;3;80;0;0;4;19;3;
202300001996;155 677 033;B01;1;1;0;2;1;1;5;
202300002001;155 677 026;B01;1;1;0;0;4;2;5;
202300002008;155 677 014;A01;3;1;0;0;8;26;5;
202300002019;155 676 997;B01;2;1;0;2;1;17;5;
202300002024;155 676 990;A01;3;1;0;0;0;26;5;
202300002027;155 676 984;B01;1;1;0;2;0;25;5;
202300002028;155 676 982;B01;2;1;0;2;8;1;5;
202300002044;155 676 951;B01;2;1;0;2;3;11;5;
202300002046;155 676 947;A01;3;80;6;0;1;1;3;
202300002050;155 676 942;A01;2;1;0;1;1;1;5;
202300002055;155 676 933;A01;1;1;14;0;0;2;5;
202300002057;155 676 931;A01;3;1;12;0;1;13;5;
202300002059;155 676 929;A01;3;1;0;2;8;11;5;
202300002064;155 676 920;A01;1;1;0;2;1;0;5;
202300002075;155 676 900;A01;3;1;0;0;0;1;5;
202300002079;155 676 893;B01;1;1;0;2;1;1;5;
202300002083;155 676 886;B01;1;1;0;2;4;1;5;
202300002083;155 676 887;C01;1;1;0;2;4;1;5;
202300002110;155 676 842;A01;2;80;15;0;0;1;3;
202300002111;155 676 841;B01;2;1;0;2;1;1;5;
202300002121;155 676 821;B01;1;1;0;2;4;1;5;
202300002131;155 676 809;B01;1;1;0;0;2;26;5;
202300002138;155 676 796;B01;2;1;0;2;1;1;5;
202300002147;155 676 781;B01;3;80;0;2;1;1;3;
202300002152;155 676 772;A01;0;80;0;2;2;1;3;
202300002154;155 676 767;B01;1;80;0;2;1;1;3;
202300002154;155 676 768;A01;2;80;0;2;1;13;3;
202300002158;155 676 761;A01;2;1;0;0;1;1;5;
202300002184;155 676 722;B01;3;1;0;2;7;19;5;
202300002241;155 676 620;B01;3;1;0;2;1;1;5;
202300002260;155 676 582;A01;1;1;0;2;1;1;5;
202300002325;155 676 466;A01;2;1;0;0;0;1;5;
202300002331;155 676 455;B01;2;1;0;2;1;0;5;
202300002338;155 676 444;B01;1;1;0;2;1;2;5;
202300002342;155 676 438;A01;1;1;0;2;1;1;6;
202300002348;155 676 427;A01;1;1;0;1;1;21;5;
202300002352;155 676 422;B01;2;1;0;2;2;1;5;
202300002377;155 676 384;A01;3;80;0;2;1;19;3;
202300002382;155 676 375;B01;1;80;0;2;7;1;3;
202300002397;155 676 346;B01;3;1;0;2;7;1;5;
202300002401;155 676 336;B01;1;1;0;2;3;1;5;
202300002404;155 676 331;A01;0;1;1;2;8;21;5;
202300002411;155 676 313;A01;1;1;0;2;6;15;5;
202300002445;155 676 252;B01;2;1;0;2;7;1;5;
202300002447;155 676 247;B01;2;1;0;2;1;25;5;
202300002453;155 676 235;Y01;3;1;0;2;1;1;5;
202300002460;155 676 226;B01;2;1;0;2;1;1;5;
202300002464;155 676 218;A01;1;1;0;1;1;1;5;
202300002472;155 676 206;B01;2;1;0;2;1;1;5;
202300002508;155 676 137;A01;3;1;0;2;7;1;5;
202300002510;155 676 131;A01;3;80;0;1;1;1;3;
202300002514;155 676 127;Y01;3;1;0;2;0;0;5;
202300002520;155 676 117;B01;2;1;16;2;3;0;0;
202300002528;155 676 103;A01;2;1;0;1;1;1;5;
202300002536;155 676 091;B01;1;80;0;2;1;21;3;
202300002539;155 676 085;Z01;2;1;0;2;4;1;5;
202300002539;155 676 086;A01;2;1;0;2;1;1;5;
202300002551;155 676 059;B01;2;1;1;0;0;1;5;
202300002570;155 676 027;A01;1;1;0;2;7;26;5;
202300002583;155 676 006;A01;2;1;12;0;7;26;5;
202300002601;155 675 977;B01;1;1;0;2;1;1;5;
202300002609;155 675 966;B01;3;1;0;2;0;0;5;
202300002636;155 675 920;A01;2;80;0;2;8;15;3;
202300002649;155 675 900;A01;2;1;0;2;7;25;5;
202300002655;155 675 889;B01;2;80;1;0;1;1;3;
202300002658;155 675 885;A01;1;1;8;0;2;14;5;
202300002659;155 675 884;B01;1;1;1;0;1;0;5;
202300002661;155 675 879;B01;1;1;0;2;6;13;5;
202300002667;155 675 873;A01;1;1;0;2;4;9;5;
202300002668;155 675 864;B01;3;1;0;2;1;1;5;
202300002668;155 675 866;A01;3;80;0;2;3;9;3;
202300002671;155 675 860;B01;3;1;0;2;3;2;5;
202300002676;155 675 852;A01;0;1;0;2;8;1;5;
202300002677;155 675 848;A01;1;1;0;1;1;1;5;
202300002683;155 675 836;A01;1;1;0;0;7;15;5;
202300002696;155 675 812;A01;1;1;1;0;0;1;5;
202300002702;155 675 804;B01;1;1;0;2;8;1;5;
202300002709;155 675 789;B01;2;1;0;2;0;0;5;
202300002713;155 675 779;A01;3;1;0;2;1;26;5;
202300002723;155 675 759;B01;2;1;0;2;1;1;5;
202300002726;155 675 751;B01;1;1;0;2;0;15;5;
202300002731;155 675 743;B01;1;1;0;2;0;1;5;
202300002732;155 675 740;B01;1;1;1;0;1;2;5;
202300002733;155 675 739;A01;3;1;0;2;8;1;5;
202300002739;155 675 729;B01;2;1;0;2;1;1;5;
202300002740;155 675 731;A01;1;1;0;1;0;0;5;
202300002765;155 675 689;A01;1;1;0;0;0;21;5;
202300002774;155 675 674;A01;1;1;0;0;0;21;5;
202300002780;155 675 666;B01;2;80;0;2;1;15;3;
202300002793;155 675 645;B01;1;80;0;2;0;1;3;
202300002822;155 675 596;B01;1;1;0;2;1;1;5;
202300002841;155 675 560;B01;2;1;0;2;8;1;5;
202300002852;155 675 540;B01;1;80;0;2;0;0;3;
202300002853;155 675 537;B01;1;1;0;2;0;0;5;
202300002856;155 675 538;A01;2;1;0;2;1;16;5;
202300002876;155 675 492;C01;2;1;0;2;1;1;5;
202300002876;155 675 494;B01;2;1;0;2;1;1;5;
202300002876;155 675 499;D01;2;1;0;2;1;1;5;
202300002892;155 675 466;B01;1;1;0;2;8;1;5;
202300002914;155 675 429;A01;3;1;0;0;0;26;5;
202300002916;155 675 425;B01;1;1;0;2;7;1;5;
202300002949;155 675 370;A01;1;1;0;2;1;2;5;
202300002949;155 675 372;B01;1;1;0;2;4;2;5;
202300002960;155 675 352;B01;1;1;0;2;1;1;5;
202300002970;155 675 332;A01;2;1;0;2;1;15;5;
202300002983;155 675 310;A01;2;1;14;0;0;1;5;
202300002992;155 675 297;A01;1;1;0;0;0;0;5;
202300003002;155 675 282;B01;1;1;0;2;7;19;5;
202300003011;155 675 267;A01;1;1;0;0;0;0;5;
202300003014;155 675 263;B01;2;1;0;2;0;5;5;
202300003018;155 675 255;A01;3;1;0;2;4;1;5;
202300003021;155 675 250;B01;1;1;0;2;8;1;5;
202300003030;155 675 235;B01;1;80;0;2;0;0;3;
202300003048;155 675 209;B01;2;1;0;2;8;21;5;
202300003053;155 675 199;A01;1;1;13;0;0;1;5;
202300003054;155 675 198;A01;1;1;12;0;0;0;5;
202300003055;155 675 200;B01;1;1;0;0;2;2;5;
202300003056;155 675 196;A01;1;1;0;0;0;0;5;
202300003057;155 675 195;B01;3;1;0;0;4;15;5;
202300003062;155 675 187;B01;1;1;0;2;8;1;5;
202300003065;155 675 181;A01;1;1;0;1;1;1;5;
202300003073;155 675 169;A01;2;80;0;0;8;15;3;
202300003077;155 675 164;B01;1;1;0;2;0;1;5;
202300003083;155 675 156;B01;1;1;0;2;0;1;5;
202300003095;155 675 136;A01;1;1;0;2;8;1;5;
202300003097;155 675 130;A01;1;1;0;0;0;0;5;
202300003104;155 675 117;A01;2;1;0;0;0;0;5;
202300003110;155 675 106;A01;1;1;0;0;0;1;5;
202300003116;155 675 097;A01;2;1;0;2;1;26;5;
202300003124;155 675 080;C01;1;1;0;2;8;1;5;
202300003126;155 675 075;B01;1;1;0;2;0;0;5;
202300003129;155 675 065;A01;2;1;0;0;0;1;5;
202300003206;155 674 932;B01;1;1;0;2;4;15;0;
202300003216;155 674 915;B01;2;1;0;2;7;0;5;
202300003218;155 674 911;A01;1;1;0;2;1;16;5;
202300003231;155 674 893;A01;2;80;0;2;2;1;3;
202300003250;155 674 852;B01;2;1;0;2;1;1;5;
202300003261;155 674 832;B01;1;1;0;2;4;0;5;
202300003271;155 674 811;A01;1;1;0;2;6;19;5;
202300003274;155 674 806;A01;0;1;0;1;1;1;5;
202300003286;155 674 783;A01;1;1;0;2;0;15;5;
202300003296;155 674 764;B01;3;1;0;2;1;1;5;
202300003298;155 674 761;A01;2;1;0;2;4;1;5;
202300003302;155 674 751;B01;3;1;0;2;2;15;5;
202300003314;155 674 729;B01;2;80;0;2;1;5;3;
202300003315;155 674 725;P01;0;1;0;2;4;0;5;
202300003319;155 674 718;B01;3;1;0;0;0;0;5;
202300003336;155 674 689;B01;1;1;0;2;1;9;5;
202300003358;155 674 651;A01;2;1;0;2;1;1;5;
202300003374;155 674 618;A01;3;1;0;0;3;1;0;
202300003379;155 674 611;A01;2;1;0;0;0;0;5;
202300003382;155 674 607;B01;1;1;0;2;1;1;5;
202300003392;155 674 585;B01;1;1;0;2;7;1;5;
202300003406;155 674 559;A01;2;1;0;2;1;5;5;
202300003421;155 674 530;B01;3;1;0;2;1;1;5;
202300003425;155 674 518;A01;2;80;0;0;0;0;3;
202300003434;155 674 502;B01;1;1;0;2;1;1;5;
202300003442;155 674 491;B01;3;80;0;2;1;9;3;
202300003445;155 674 486;B01;3;1;0;2;7;15;5;
202300003446;155 674 483;B01;0;1;0;2;4;1;5;
202300003462;155 674 454;B01;1;1;0;2;4;1;5;
202300003479;155 674 425;B01;2;1;0;2;1;1;5;
202300003482;155 674 419;A01;1;1;6;0;1;2;5;
202300003492;155 674 402;A01;2;1;0;2;7;19;5;
202300003511;155 674 364;B01;1;80;0;2;4;0;3;
202300003513;155 674 362;B01;2;1;0;2;6;2;5;
202300003518;155 674 350;B01;1;1;0;2;4;1;5;
202300003525;155 674 340;A01;3;1;0;2;0;0;5;
202300003536;155 674 319;A01;1;80;0;2;2;1;3;
202300003543;155 674 308;B01;3;1;0;2;1;9;5;
202300003573;155 674 259;B01;1;1;0;2;1;1;5;
202300003575;155 674 256;B01;2;1;0;2;2;1;5;
202300003575;155 674 257;A01;1;1;0;2;2;1;5;
202300003576;155 674 254;B01;2;1;0;2;1;1;5;
202300003577;155 674 252;B01;1;1;0;2;3;15;5;
202300003577;155 674 255;A01;2;1;0;2;1;5;5;
202300003579;155 674 249;A01;1;1;0;1;1;1;5;
202300003580;155 674 248;B01;2;1;0;2;8;15;5;
202300003583;155 674 244;B01;2;1;0;2;3;11;5;
202300003585;155 674 239;A01;2;1;0;1;1;1;5;
202300003588;155 674 235;B01;2;80;0;2;7;1;3;
202300003590;155 674 230;A01;1;1;14;2;3;13;5;
202300003651;155 674 127;B01;2;1;0;2;1;1;5;
202300003655;155 674 117;B01;3;1;0;2;8;19;5;
202300003659;155 674 112;B01;0;80;0;2;8;1;3;
202300003665;155 674 104;B01;2;1;0;2;1;1;5;
202300003668;155 674 100;B01;3;1;0;2;7;1;5;
202300003674;155 674 086;A01;1;1;-1;2;1;13;5;
202300003675;155 674 085;B01;3;1;0;2;8;1;5;
202300003690;155 674 057;B01;1;1;0;0;0;2;5;
202300003697;155 674 046;B01;2;1;0;2;1;15;5;
202300003739;155 673 957;B01;3;1;0;2;8;16;5;
202300003753;155 673 930;B01;2;1;0;2;7;1;5;
202300003761;155 673 916;B01;1;1;0;2;8;1;5;
202300003765;155 673 905;A01;1;1;0;2;1;1;5;
202300003783;155 673 876;B01;2;1;0;2;1;1;5;
202300003787;155 673 868;B01;1;1;0;0;0;0;5;
202300003788;155 673 865;A01;2;1;0;2;0;2;5;
202300003789;155 673 863;A01;2;1;0;0;0;5;5;
202300003798;155 673 843;A01;1;80;0;1;1;1;3;
202300003799;155 673 841;B01;2;1;0;2;1;5;5;
202300003800;155 673 839;A01;2;1;0;1;1;1;5;
202300003803;155 673 834;A01;2;1;0;2;3;1;5;
202300003809;155 673 824;B01;0;1;1;0;1;2;5;
202300003814;155 673 816;A01;3;1;1;0;0;1;5;
202300003816;155 673 813;A01;2;1;1;0;1;26;5;
202300003821;155 673 806;B01;1;1;0;2;3;19;5;