Num_Acc;id_vehicule;num_veh;senc;catv;obs;obsm;choc;manv;motor;occutc
202300007548;155 667 184;B01;0;1;0;2;8;19;5;
202300007556;155 667 170;B01;0;1;0;2;1;19;5;
202300007556;155 667 171;A01;0;1;0;2;1;1;5;
202300007563;155 667 161;B01;1;1;0;2;1;1;5;
202300007566;155 667 154;B01;2;1;0;2;4;2;5;
202300007574;155 667 143;A01;1;1;0;2;2;1;5;
202300007586;155 667 126;B01;1;1;0;2;3;1;5;
202300007593;155 667 114;B01;1;1;0;0;4;2;5;
202300007597;155 667 106;B01;3;1;0;0;0;26;5;
202300007621;155 667 062;B01;1;1;0;2;4;19;5;
202300007647;155 667 018;A01;0;1;0;2;4;2;5;
202300007672;155 666 975;B01;1;1;0;2;1;1;5;
202300007676;155 666 967;B01;2;1;0;1;1;1;5;
202300007683;155 666 958;B01;1;1;0;2;4;1;5;
202300007684;155 666 955;A01;1;1;0;2;1;18;5;
202300007693;155 666 940;A01;1;1;0;2;1;1;5;
202300007714;155 666 903;B01;1;1;0;2;8;1;5;
202300007717;155 666 898;B01;2;1;0;2;1;17;5;
202300007735;155 666 865;B01;2;1;0;0;8;1;5;
202300007762;155 666 807;A01;2;80;0;2;2;1;3;
202300007765;155 666 800;A01;2;80;0;2;8;1;3;
202300007771;155 666 790;B01;1;80;0;2;0;1;3;
202300007788;155 666 762;B01;3;1;0;2;7;19;5;
202300007811;155 666 723;B01;1;1;1;0;1;1;5;
202300007812;155 666 722;A01;1;1;0;1;3;1;5;
202300007815;155 666 717;A01;2;1;0;1;1;1;5;
202300007816;155 666 716;A01;2;1;0;1;4;5;5;
202300007817;155 666 715;B01;3;1;0;2;3;19;5;
202300007818;155 666 712;A01;1;1;0;2;7;11;5;
202300007818;155 666 713;B01;1;1;0;2;8;1;5;
202300007826;155 666 697;B01;3;1;0;2;1;1;5;
202300007839;155 666 677;B01;2;1;1;0;1;0;5;
202300007873;155 666 625;A01;1;1;0;0;6;2;5;
202300007903;155 666 572;B01;2;1;0;0;4;15;5;
202300007912;155 666 552;A01;1;1;0;2;1;19;5;
202300007922;155 666 534;B01;3;1;0;2;4;0;5;
202300007929;155 666 522;B01;2;1;0;2;3;1;5;
202300007941;155 666 503;B01;2;1;0;2;7;1;5;
202300007943;155 666 499;A01;3;80;0;2;5;2;3;
202300007959;155 666 466;B01;3;1;1;2;1;22;5;
202300008001;155 666 396;A01;3;1;0;0;0;0;5;
202300008005;155 666 391;A01;1;80;0;2;3;1;3;
202300008019;155 666 372;B01;3;1;0;2;0;1;5;
202300008038;155 666 343;A01;3;1;0;2;8;1;5;
202300008038;155 666 344;B01;3;1;0;2;7;17;5;
202300008071;155 666 278;A01;2;1;0;2;1;5;5;
202300008074;155 666 270;B01;1;1;0;2;1;1;5;
202300008092;155 666 231;B01;2;1;0;2;4;26;5;
202300008120;155 666 185;B01;3;1;0;2;8;2;5;
202300008144;155 666 142;B01;1;1;0;0;0;1;5;
202300008148;155 666 132;B01;2;1;0;2;1;1;5;
202300008153;155 666 122;A01;2;1;12;0;1;16;5;
202300008165;155 666 101;B01;2;1;0;2;6;23;5;
202300008168;155 666 096;A01;1;1;0;2;2;12;5;
202300008192;155 666 046;B01;1;1;0;2;1;1;5;
202300008204;155 666 021;A01;2;1;0;1;8;1;5;
202300008210;155 666 006;B01;2;1;0;2;8;2;5;
202300008226;155 665 983;A01;2;1;0;1;1;17;5;
202300008233;155 665 969;B01;2;1;0;2;1;1;5;
202300008239;155 665 953;B01;2;1;0;2;1;21;5;
202300008254;155 665 927;B01;3;1;0;2;8;19;5;
202300008258;155 665 919;B01;1;1;0;2;8;1;5;
202300008279;155 665 888;B01;2;1;0;2;3;1;5;
202300008282;155 665 881;A01;2;1;0;2;7;1;5;
202300008290;155 665 870;B01;1;1;0;2;4;1;5;
202300008295;155 665 861;B01;2;1;0;2;1;1;5;
202300008298;155 665 852;B01;3;1;0;2;8;19;5;
202300008305;155 665 836;B01;2;1;0;2;0;15;5;
202300008308;155 665 835;B01;2;1;0;2;1;1;5;
202300008314;155 665 823;B01;0;1;0;2;0;0;5;
202300008321;155 665 809;A01;1;1;12;0;3;6;5;
202300008323;155 665 807;B01;3;1;0;2;8;1;5;
202300008327;155 665 799;A01;1;80;0;2;6;11;3;
202300008327;155 665 801;B01;1;80;0;2;2;1;3;
202300008334;155 665 789;A01;3;1;0;2;1;1;5;
202300008347;155 665 770;A01;2;80;0;2;7;1;3;
202300008349;155 665 769;B01;2;80;0;2;3;1;3;
202300008356;155 665 761;B01;2;1;0;2;6;1;5;
202300008373;155 665 725;A01;3;80;0;0;0;1;3;
202300008385;155 665 704;B01;0;1;0;0;1;0;5;
202300008390;155 665 699;B01;0;1;0;2;0;0;5;
202300008392;155 665 689;B01;1;1;0;2;0;1;5;
202300008395;155 665 686;B01;2;1;0;2;3;2;5;
202300008430;155 665 624;B01;2;1;0;2;8;1;5;
202300008431;155 665 619;B01;1;1;0;2;1;5;5;
202300008439;155 665 604;B01;3;1;0;2;8;19;5;
202300008443;155 665 599;B01;1;1;0;2;6;1;5;
202300008464;155 665 560;A01;1;1;0;2;8;1;5;
202300008466;155 665 559;B01;3;1;0;2;4;23;5;
202300008472;155 665 546;B01;2;1;0;2;1;1;5;
202300008485;155 665 521;A01;2;1;0;2;1;19;5;
202300008489;155 665 519;B01;3;1;0;2;1;1;5;
202300008490;155 665 516;B01;3;80;12;0;8;0;3;
202300008491;155 665 512;B01;3;80;0;2;8;1;3;
202300008492;155 665 508;A01;1;80;0;0;0;0;3;
202300008510;155 665 479;B01;1;1;0;2;1;1;5;
202300008514;155 665 471;B01;1;80;0;2;2;1;3;
202300008515;155 665 468;B01;2;1;0;2;1;1;5;
202300008519;155 665 462;B01;2;1;0;2;7;11;5;
202300008521;155 665 455;A01;1;1;0;2;1;3;0;
202300008526;155 665 449;B01;2;1;1;2;2;17;5;
202300008531;155 665 439;A01;2;1;0;2;8;2;5;
202300008557;155 665 396;B01;0;80;0;2;2;15;3;
202300008559;155 665 391;B01;1;1;0;2;8;1;5;
202300008563;155 665 383;B01;2;1;0;2;7;1;5;
202300008583;155 665 349;A01;2;1;12;0;1;21;5;
202300008589;155 665 337;A01;3;1;0;9;1;1;5;
202300008589;155 665 341;B01;3;1;0;9;8;15;5;
202300008602;155 665 314;A01;1;1;12;0;1;0;5;
202300008611;155 665 302;A01;1;80;0;0;0;2;3;
202300008616;155 665 295;B01;1;1;0;2;3;1;5;
202300008617;155 665 290;B01;1;1;0;2;8;1;5;
202300008626;155 665 279;A01;3;1;0;0;7;1;5;
202300008634;155 665 269;B01;0;1;0;2;7;2;5;
202300008644;155 665 249;A01;1;1;0;2;7;16;5;
202300008655;155 665 236;A01;1;1;0;2;1;1;5;
202300008659;155 665 226;B01;3;1;0;0;3;1;5;
202300008660;155 665 227;B01;3;1;0;2;3;0;5;
202300008664;155 665 220;B01;1;1;0;0;1;1;5;
202300008669;155 665 211;A01;1;1;0;1;1;2;5;
202300008684;155 665 189;A01;2;1;0;0;1;15;5;
202300008693;155 665 172;B01;1;1;0;2;1;1;5;
202300008712;155 665 135;A01;1;80;1;0;1;0;3;
202300008715;155 665 133;B01;1;1;0;2;4;1;5;
202300008751;155 665 064;A01;0;1;0;0;0;1;5;
202300008771;155 665 027;B01;2;1;0;2;1;1;5;
202300008773;155 665 021;B01;2;1;0;2;7;1;5;
202300008786;155 665 000;B01;2;1;0;2;3;23;5;
202300008790;155 664 994;B01;1;1;0;2;1;0;5;
202300008797;155 664 975;A01;1;1;0;2;1;15;5;
202300008810;155 664 956;C01;1;1;0;2;4;2;5;
202300008810;155 664 962;B01;1;1;0;2;4;2;5;
202300008811;155 664 954;B01;1;1;0;2;4;1;5;
202300008816;155 664 937;A01;1;1;0;2;1;1;5;
202300008849;155 664 889;A01;1;1;0;2;2;1;5;
202300008851;155 664 876;A01;2;1;0;2;1;2;5;
202300008881;155 664 821;A01;3;1;0;0;8;1;5;
202300008883;155 664 824;B01;1;1;0;2;1;5;5;
202300008895;155 664 799;B01;2;1;0;2;2;1;5;
202300008898;155 664 793;B01;2;1;0;2;1;1;5;
202300008932;155 664 740;B01;1;1;0;2;8;1;5;
202300008935;155 664 731;A01;2;1;0;2;1;15;5;
202300008941;155 664 721;A01;2;1;0;2;0;21;5;
202300008941;155 664 725;B01;2;1;0;2;2;21;5;
202300008946;155 664 715;A01;0;1;0;9;0;14;5;
202300008946;155 664 716;B01;0;1;0;0;0;13;5;
202300008947;155 664 714;A01;2;80;0;0;0;1;3;
202300008949;155 664 711;A01;3;1;0;2;1;1;5;
202300008949;155 664 713;B01;3;1;0;2;0;0;5;
202300008957;155 664 693;A01;0;1;12;0;0;0;5;
202300008969;155 664 678;B01;3;1;0;2;3;2;5;
202300008980;155 664 655;A01;3;1;0;2;1;16;5;
202300008980;155 664 659;B01;3;1;0;2;8;1;5;
202300009018;155 664 591;B01;2;1;0;2;0;1;5;
202300009039;155 664 551;B01;1;1;0;2;1;1;5;
202300009056;155 664 522;B01;2;1;0;2;3;1;5;
202300009062;155 664 509;A01;2;1;0;2;1;1;5;
202300009067;155 664 502;A01;1;1;0;0;1;2;5;
202300009069;155 664 497;A01;3;1;0;2;3;13;5;
202300009070;155 664 496;B01;3;1;0;2;7;1;5;
202300009073;155 664 488;A01;1;1;0;2;1;1;5;
202300009074;155 664 493;B01;2;1;0;2;8;2;5;
202300009096;155 664 456;B01;3;1;1;2;8;1;5;
202300009098;155 664 454;A01;1;1;1;0;6;2;5;
202300009103;155 664 448;B01;1;1;0;2;1;13;5;
202300009104;155 664 449;B01;1;1;0;2;8;1;5;
202300009107;155 664 443;B01;1;1;0;2;8;19;5;
202300009121;155 664 421;B01;2;1;0;2;8;1;5;
202300009122;155 664 420;A01;2;1;0;0;1;0;5;
202300009156;155 664 355;A01;2;1;0;2;8;13;5;
202300009161;155 664 344;Z01;1;1;0;2;1;1;5;
202300009161;155 664 348;Y01;1;1;0;2;1;1;5;
202300009170;155 664 327;B01;1;1;0;2;1;26;5;
202300009176;155 664 316;A01;3;1;0;2;1;1;5;
202300009188;155 664 292;A01;2;1;0;2;1;1;5;
202300009198;155 664 282;B01;1;1;0;2;1;1;5;
202300009208;155 664 259;A01;2;1;0;2;3;13;5;
202300009228;155 664 227;A01;1;1;0;2;1;26;5;
202300009233;155 664 218;A01;2;1;0;0;1;1;5;
202300009234;155 664 213;B01;3;1;0;2;7;9;5;
202300009235;155 664 211;B01;1;1;0;2;6;1;5;
202300009235;155 664 215;A01;1;1;0;2;2;1;5;
202300009246;155 664 192;C01;1;1;0;0;3;19;5;
202300009250;155 664 182;B01;3;1;0;2;4;1;5;
202300009259;155 664 174;A01;2;1;0;2;0;0;5;
202300009268;155 664 152;A01;1;1;0;1;8;19;5;
202300009280;155 664 132;B01;3;1;0;2;1;15;5;
202300009294;155 664 101;A01;2;80;0;1;1;1;3;
202300009297;155 664 097;A01;1;1;16;2;1;25;5;
202300009299;155 664 094;B01;1;1;0;2;2;19;5;
202300009303;155 664 086;A01;1;80;0;2;1;15;3;
202300009303;155 664 087;B01;2;80;0;2;1;1;3;
202300009310;155 664 075;Y01;3;1;0;2;8;19;5;
202300009314;155 664 068;B01;3;1;0;2;8;19;5;
202300009321;155 664 056;A01;0;1;15;0;0;26;5;
202300009325;155 664 050;A01;3;1;0;0;0;25;5;
202300009341;155 664 021;B01;3;1;0;2;3;21;5;
202300009363;155 663 979;B01;1;1;0;9;4;1;5;
202300009363;155 663 980;C01;1;1;0;0;4;1;5;
202300009368;155 663 970;A01;1;80;0;2;1;1;3;
202300009369;155 663 968;B01;2;1;0;2;1;26;5;
202300009405;155 663 905;B01;2;1;0;2;7;26;5;
202300009412;155 663 893;B01;2;80;0;2;5;1;3;
202300009413;155 663 891;B01;3;1;0;2;2;1;5;
202300009420;155 663 879;B01;1;1;0;2;1;1;5;
202300009424;155 663 872;A01;1;1;0;1;1;19;5;
202300009426;155 663 869;B01;2;1;0;2;7;2;5;
202300009427;155 663 867;B01;0;1;0;2;1;0;5;
202300009454;155 663 822;A01;1;1;0;0;6;1;5;
202300009475;155 663 786;A01;1;1;0;0;8;1;5;
202300009490;155 663 757;A01;0;1;1;0;1;14;5;
202300009493;155 663 753;B01;0;80;0;2;8;15;3;
202300009501;155 663 736;A01;1;1;0;2;1;21;5;
202300009513;155 663 707;A01;3;1;0;1;1;1;5;
202300009521;155 663 694;B01;0;1;0;2;7;1;5;
202300009522;155 663 692;B01;1;80;0;2;0;0;3;
202300009523;155 663 691;B01;1;1;0;2;1;1;5;
202300009528;155 663 682;B01;2;1;0;2;1;1;5;
202300009530;155 663 678;B01;2;1;0;2;6;19;5;
202300009533;155 663 674;B01;3;1;0;2;2;15;5;
202300009540;155 663 664;B01;0;1;8;2;4;1;5;
202300009545;155 663 657;B01;3;80;0;2;8;1;3;
202300009550;155 663 651;B01;2;1;0;2;1;1;5;
202300009577;155 663 592;B01;2;1;0;2;1;1;5;
202300009595;155 663 562;B01;2;1;0;2;1;15;5;
202300009599;155 663 554;A01;2;1;0;2;0;0;5;
202300009609;155 663 533;B01;1;80;0;2;1;1;3;
202300009618;155 663 516;A01;1;80;0;1;1;1;3;
202300009620;155 663 514;B01;2;1;0;2;0;1;5;
202300009625;155 663 508;B01;2;1;0;2;1;1;5;
202300009628;155 663 500;A01;2;1;0;2;1;5;5;
202300009629;155 663 499;A01;3;1;0;2;8;19;5;
202300009631;155 663 497;B01;1;1;0;2;1;1;5;
202300009635;155 663 489;A01;3;80;12;0;2;9;3;
202300009636;155 663 487;B01;0;1;0;2;1;0;5;
202300009646;155 663 473;B01;1;1;1;2;1;1;5;
202300009650;155 663 464;Z01;2;1;0;1;0;1;5;
202300009656;155 663 451;B01;2;1;0;2;1;8;5;
202300009661;155 663 443;B01;0;1;0;2;1;1;5;
202300009700;155 663 370;B01;3;1;0;2;1;2;5;
202300009703;155 663 366;A01;1;80;0;2;6;15;3;
202300009706;155 663 358;B01;1;1;0;2;1;1;5;
202300009719;155 663 334;B01;1;1;0;2;3;15;5;
202300009722;155 663 325;B01;2;1;0;2;1;1;5;
202300009744;155 663 287;B01;1;1;0;2;0;0;5;
202300009766;155 663 252;B01;1;1;0;2;8;19;5;
202300009801;155 663 194;A01;2;1;0;5;2;1;5;
202300009803;155 663 192;A01;1;1;0;2;7;1;5;
202300009806;155 663 187;A01;2;1;0;2;1;19;5;
202300009808;155 663 184;A01;1;1;0;1;1;1;5;
202300009809;155 663 182;B01;2;1;0;2;0;15;5;
202300009847;155 663 117;B01;0;1;0;2;0;0;5;
202300009853;155 663 100;B01;1;1;0;2;2;1;5;
202300009864;155 663 081;B01;0;1;0;2;3;1;5;
202300009874;155 663 062;B01;0;1;0;2;5;1;5;
202300009882;155 663 049;B01;1;1;0;2;0;1;5;
202300009886;155 663 041;A01;1;80;12;0;8;15;3;
202300009913;155 662 991;A01;1;1;0;0;7;14;5;
202300009915;155 662 987;B01;3;1;0;2;8;15;5;
202300009937;155 662 947;A01;3;1;0;2;1;9;5;
202300009939;155 662 945;B01;3;1;0;2;7;26;5;
202300009962;155 662 902;B01;3;80;0;2;8;2;3;
202300009968;155 662 893;B01;1;1;0;2;1;16;0;
202300009979;155 662 872;B01;1;1;0;2;8;15;5;
202300010000;155 662 831;A01;1;80;0;2;1;1;3;
202300010006;155 662 822;A01;1;80;0;2;3;1;3;
202300010007;155 662 819;B01;2;80;0;2;7;1;3;
202300010016;155 662 804;B01;1;1;0;0;0;0;5;
202300010018;155 662 803;B01;1;1;0;2;8;1;5;
202300010020;155 662 800;B01;1;1;0;2;2;1;5;
202300010023;155 662 794;A01;1;80;0;2;2;5;3;
202300010024;155 662 791;B01;3;1;0;2;7;1;5;
202300010032;155 662 777;A01;2;1;0;2;8;26;5;
202300010034;155 662 775;B01;3;80;0;2;1;19;3;
202300010054;155 662 741;A01;2;1;0;0;1;9;5;
202300010058;155 662 735;A01;3;1;0;2;2;17;5;
202300010058;155 662 736;B01;3;1;0;2;3;1;5;
202300010062;155 662 726;C01;1;1;1;2;9;1;5;
202300010062;155 662 728;B01;1;1;1;0;9;1;5;
202300010063;155 662 725;B01;2;1;0;2;1;1;5;
202300010066;155 662 720;B01;1;1;0;2;4;2;5;
202300010079;155 662 693;C01;3;80;0;2;4;1;3;
202300010091;155 662 674;A01;3;1;0;0;1;1;5;
202300010096;155 662 665;B01;2;1;0;2;2;1;5;
202300010098;155 662 661;A01;2;1;0;2;3;16;5;
202300010120;155 662 621;B01;2;1;0;2;1;1;5;
202300010123;155 662 615;A01;2;1;0;2;1;1;5;
202300010136;155 662 588;B01;1;1;0;2;2;0;5;
202300010160;155 662 546;A01;1;1;0;0;1;13;5;
202300010188;155 662 494;A01;1;1;0;2;1;5;5;
202300010219;155 662 442;B01;2;80;0;2;8;15;3;
202300010220;155 662 436;A01;2;80;0;0;7;14;3;
202300010235;155 662 416;B01;2;80;0;2;1;13;3;
202300010243;155 662 402;B01;2;1;0;2;1;5;5;
202300010272;155 662 352;B01;1;1;0;2;8;0;5;
202300010274;155 662 345;A01;3;1;0;0;0;1;5;
202300010293;155 662 315;A01;1;1;0;0;7;1;5;
202300010295;155 662 313;B01;2;1;0;2;0;15;5;
202300010302;155 662 300;A01;1;80;8;0;0;2;3;
202300010328;155 662 261;B01;0;1;0;2;3;9;5;
202300010329;155 662 257;B01;2;1;0;2;1;13;5;
202300010344;155 662 230;A01;0;1;0;2;1;1;5;
202300010344;155 662 232;B01;0;1;0;2;4;1;5;
202300010364;155 662 199;B01;2;1;0;2;4;2;5;
202300010371;155 662 189;B01;1;1;0;2;8;1;5;
202300010381;155 662 170;B01;3;1;0;9;8;1;5;
202300010382;155 662 171;B01;1;1;0;2;1;1;5;
202300010404;155 662 123;B01;2;1;0;2;1;1;0;
202300010439;155 662 049;B01;2;1;0;2;7;1;5;
202300010459;155 662 014;A01;2;1;10;0;4;2;5;
202300010476;155 661 987;A01;2;80;0;2;1;1;3;
202300010487;155 661 963;B01;3;1;14;2;7;26;5;
202300010520;155 661 914;B01;0;1;0;2;1;1;5;
202300010524;155 661 897;A01;2;1;0;6;5;26;5;
202300010539;155 661 876;A01;2;1;0;2;4;15;5;
202300010553;155 661 849;A01;2;1;0;2;3;15;5;
202300010555;155 661 846;B01;2;1;0;2;4;2;5;
202300010562;155 661 830;B01;1;1;0;2;8;2;5;
202300010573;155 661 816;A01;2;1;0;2;2;5;5;
202300010585;155 661 793;B01;1;80;0;2;3;1;3;
202300010605;155 661 754;A01;2;1;0;2;2;1;5;
202300010605;155 661 757;C01;0;1;0;2;1;0;5;
202300010606;155 661 751;B01;2;1;0;0;4;2;5;
202300010615;155 661 737;B01;2;1;0;2;1;1;5;
202300010617;155 661 731;B01;1;1;0;2;0;1;5;
202300010623;155 661 723;B01;0;1;1;0;1;1;5;
202300010627;155 661 716;B01;1;1;0;0;4;1;5;
202300010632;155 661 709;B01;3;1;0;2;1;1;5;
202300010636;155 661 702;B01;1;1;0;2;0;0;5;
202300010639;155 661 694;B01;2;1;1;2;7;1;5;
202300010643;155 661 688;B01;0;1;0;2;7;1;5;
202300010648;155 661 676;B01;3;80;0;2;7;19;3;
202300010652;155 661 670;A01;0;1;0;2;1;2;5;
202300010660;155 661 659;A01;1;1;0;4;3;17;5;
202300010669;155 661 638;A01;1;1;0;1;1;1;5;
202300010673;155 661 628;B01;1;1;0;0;8;26;5;
202300010692;155 661 597;B01;2;80;0;2;1;1;3;
202300010709;155 661 572;B01;3;1;0;2;1;9;5;
202300010721;155 661 556;B01;1;1;0;2;7;1;5;
202300010738;155 661 517;B01;2;1;0;2;1;1;5;
202300010742;155 661 505;B01;1;1;0;2;3;1;5;
202300010752;155 661 491;B01;3;1;0;2;3;1;5;
202300010764;155 661 474;B01;1;1;0;2;8;19;5;
202300010806;155 661 401;B01;1;1;0;0;4;2;5;
202300010833;155 661 358;B01;3;1;0;2;8;2;5;
202300010837;155 661 354;A01;0;1;0;2;4;1;5;
202300010844;155 661 336;B01;3;1;0;0;7;17;5;
202300010848;155 661 324;B01;1;1;0;2;1;1;5;
202300010848;155 661 329;A01;2;1;0;2;1;1;5;
202300010859;155 661 305;B01;1;1;0;2;1;1;5;
202300010868;155 661 288;B01;1;1;0;0;1;1;5;
202300010869;155 661 279;A01;1;1;0;2;1;5;5;
202300010871;155 661 277;A01;3;1;0;0;0;1;5;
202300010898;155 661 233;B01;1;1;0;2;1;2;5;
202300010926;155 661 171;B01;3;1;0;2;0;1;5;
202300010941;155 661 147;A01;3;1;0;2;3;19;5;
202300010949;155 661 128;A01;2;1;0;2;1;1;5;
202300010966;155 661 104;B01;2;1;0;2;1;1;5;
202300010968;155 661 097;A01;2;1;0;1;7;1;5;
202300010974;155 661 087;A01;1;1;0;1;1;21;5;
202300010979;155 661 081;B01;2;1;9;2;0;25;5;
202300010987;155 661 068;A01;2;80;0;1;1;1;3;
202300010993;155 661 056;A01;1;80;0;0;1;1;3;
202300011006;155 661 031;B01;1;1;0;2;0;1;5;
202300011024;155 661 003;B01;3;1;0;2;4;1;0;
202300011026;155 661 001;Y01;1;1;0;2;8;1;5;
202300011041;155 660 966;A01;1;1;0;1;1;21;5;
202300011069;155 660 917;B01;3;1;0;2;4;9;5;
202300011073;155 660 914;B01;0;1;1;2;8;1;5;
202300011086;155 660 891;A01;0;1;0;2;8;14;5;
202300011097;155 660 872;B01;1;1;0;2;8;1;5;
202300011106;155 660 855;A01;2;1;1;0;3;21;5;
202300011107;155 660 854;A01;1;1;0;1;1;1;5;
202300011111;155 660 850;B01;2;80;0;2;1;1;3;
202300011134;155 660 811;B01;2;1;0;2;6;13;5;
202300011137;155 660 803;A01;1;1;0;1;1;1;5;
202300011160;155 660 764;B01;2;1;0;2;8;1;5;
202300011173;155 660 750;B01;1;80;0;0;4;11;3;
202300011175;155 660 745;B01;0;1;3;2;0;0;5;
202300011177;155 660 741;B01;2;1;0;2;8;1;5;
202300011192;155 660 718;B01;1;1;0;2;1;26;5;
202300011195;155 660 713;B01;2;1;0;2;4;1;5;
202300011212;155 660 684;A01;2;1;0;2;1;9;5;
202300011256;155 660 607;A01;1;1;0;2;4;2;5;
202300011261;155 660 597;B01;0;80;0;2;1;0;3;
202300011285;155 660 544;B01;1;1;0;2;2;13;5;
202300011288;155 660 536;A01;2;80;0;2;1;1;3;
202300011288;155 660 537;B01;1;1;0;2;1;1;5;
202300011289;155 660 534;A01;1;80;0;2;1;21;3;
202300011290;155 660 533;Y01;1;1;0;1;1;1;5;
202300011292;155 660 530;A01;1;1;0;2;1;2;5;
202300011298;155 660 521;Z01;1;1;0;0;0;2;5;
202300011309;155 660 506;B01;3;1;0;2;0;1;5;
202300011310;155 660 504;A01;1;80;0;1;1;1;3;
202300011312;155 660 500;A01;0;1;0;0;1;1;5;
202300011315;155 660 497;A01;1;1;0;0;0;9;5;
202300011320;155 660 488;A01;2;1;0;0;0;1;5;
202300011321;155 660 487;A01;1;1;0;1;7;1;5;
202300011322;155 660 486;B01;2;1;0;2;8;1;5;
202300011323;155 660 482;A01;1;1;0;0;0;1;5;
202300011326;155 660 477;A01;2;80;0;2;7;1;3;
202300011328;155 660 475;B01;0;1;0;2;8;15;5;
202300011331;155 660 470;B01;2;1;0;2;8;1;5;
202300011341;155 660 454;B01;2;1;0;2;8;19;5;
202300011353;155 660 432;B01;1;1;0;2;1;19;5;
202300011365;155 660 415;A01;1;1;0;2;4;15;5;
202300011368;155 660 411;B01;3;1;0;2;1;1;5;
202300011411;155 660 336;B01;1;1;0;2;7;9;5;
202300011438;155 660 290;A01;1;1;1;0;1;1;5;
202300011482;155 660 201;A01;0;80;12;2;1;2;3;
202300011494;155 660 180;B01;2;1;0;2;0;0;5;
202300011503;155 660 159;A01;2;1;0;1;1;1;5;
202300011505;155 660 157;B01;2;80;0;2;1;1;3;
202300011523;155 660 125;B01;2;1;0;2;0;1;5;
202300011524;155 660 121;B01;2;1;0;2;1;1;5;
202300011531;155 660 112;B01;3;1;0;2;0;0;5;
202300011536;155 660 104;A01;1;1;13;0;1;15;5;
202300011540;155 660 095;B01;3;1;0;9;0;0;5;
202300011543;155 660 091;B01;2;1;8;2;8;2;5;
202300011544;155 660 088;B01;3;1;0;2;8;1;5;
202300011549;155 660 078;B01;2;1;0;2;1;1;5;
202300011551;155 660 076;A01;2;80;8;0;1;1;3;
202300011568;155 660 047;B01;3;1;0;2;0;26;5;
202300011584;155 660 019;A01;1;1;0;2;0;1;5;
202300011587;155 660 012;B01;3;1;0;2;1;23;5;
202300011588;155 660 009;B01;1;1;0;0;7;19;5;
202300011602;155 659 981;B01;2;1;0;2;1;1;5;
202300011609;155 659 974;A01;1;1;0;1;1;1;5;
202300011629;155 659 936;B01;3;1;0;2;7;0;5;
202300011631;155 659 932;B01;3;1;0;2;1;1;5;
202300011634;155 659 928;A01;3;80;8;-1;1;21;3;
202300011652;155 659 897;B01;2;1;0;2;3;1;5;
202300011661;155 659 878;A01;2;1;0;1;1;25;5;
202300011674;155 659 856;T01;0;1;0;0;0;0;5;
202300011678;155 659 848;B01;0;1;0;0;0;0;5;
202300011715;155 659 775;B01;1;1;0;2;4;1;5;
202300011716;155 659 771;A01;1;80;0;2;1;1;2;
202300011725;155 659 759;B01;1;1;0;2;1;1;5;
202300011728;155 659 756;B01;1;1;1;0;1;1;5;
202300011729;155 659 752;Z01;2;1;0;1;0;5;5;
202300011730;155 659 750;A01;0;1;0;2;0;19;5;
202300011731;155 659 749;A01;1;80;0;0;0;7;3;
202300011732;155 659 748;A01;2;1;0;0;0;1;5;
202300011734;155 659 746;A01;1;1;0;2;4;1;5;
202300011740;155 659 731;B01;3;80;0;2;1;1;3;
202300011754;155 659 705;A01;2;80;0;2;1;1;3;
202300011756;155 659 703;B01;1;1;0;2;3;1;5;
202300011760;155 659 692;B01;1;1;0;2;4;1;5;
202300011761;155 659 691;B01;2;1;0;2;7;26;5;
202300011763;155 659 685;A01;3;1;0;2;1;0;5;
202300011766;155 659 680;B01;2;1;0;2;8;19;5;
202300011767;155 659 678;A01;3;1;0;0;0;0;5;