Num_Acc;id_vehicule;num_veh;senc;catv;obs;obsm;choc;manv;motor;occutc
202300011771;155 659 672;B01;0;1;0;0;1;16;5;
202300011772;155 659 670;A01;3;1;8;0;1;1;5;
202300011789;155 659 642;B01;2;1;0;2;1;1;5;
202300011841;155 659 547;B01;3;1;0;2;0;0;5;
202300011857;155 659 520;C01;3;1;0;2;1;1;5;
202300011857;155 659 521;D01;3;1;0;2;1;1;5;
202300011867;155 659 502;B01;1;1;0;2;8;1;5;
202300011874;155 659 489;B01;0;1;0;2;8;1;5;
202300011875;155 659 488;B01;1;1;0;0;8;15;5;
202300011880;155 659 481;B01;3;80;0;2;5;1;3;
202300011884;155 659 472;B01;0;1;0;2;7;1;5;
202300011885;155 659 469;B01;1;1;0;2;6;1;5;
202300011915;155 659 411;B01;1;1;0;2;1;1;5;
202300011917;155 659 407;B01;0;1;0;2;0;13;5;
202300011919;155 659 403;A01;2;1;0;0;0;1;5;
202300011920;155 659 401;B01;1;1;0;2;7;15;5;
202300011922;155 659 397;A01;3;80;0;2;3;15;3;
202300011923;155 659 396;Z01;1;1;0;1;1;1;5;
202300011925;155 659 393;A01;1;1;0;1;1;1;5;
202300011926;155 659 391;B01;1;80;0;2;1;1;3;
202300011948;155 659 355;A01;3;1;1;2;8;19;5;
202300011964;155 659 328;A01;3;80;0;2;1;0;3;
202300011981;155 659 298;B01;1;1;0;2;7;19;5;
202300011983;155 659 293;B01;3;1;0;2;8;0;5;
202300011989;155 659 286;B01;1;1;0;2;1;19;5;
202300012013;155 659 242;B01;1;1;0;2;7;16;5;
202300012014;155 659 239;A01;1;1;0;2;1;0;5;
202300012026;155 659 220;B01;3;1;0;2;1;13;5;
202300012043;155 659 180;A01;1;1;0;2;1;13;5;
202300012043;155 659 182;B01;2;80;0;2;1;13;3;
202300012044;155 659 185;B01;1;1;0;2;6;26;5;
202300012045;155 659 179;B01;1;1;0;2;4;1;5;
202300012066;155 659 137;B01;1;80;0;2;3;1;3;
202300012074;155 659 123;A01;1;1;0;2;4;2;5;
202300012078;155 659 117;B01;2;1;0;2;8;1;5;
202300012088;155 659 097;B01;1;1;0;2;7;13;5;
202300012119;155 659 032;A01;2;1;0;0;0;2;5;
202300012123;155 659 023;B01;3;1;0;2;8;19;5;
202300012130;155 659 006;A01;0;1;0;2;1;5;5;
202300012131;155 659 009;B01;3;1;0;2;1;1;5;
202300012136;155 658 998;B01;0;1;0;2;1;1;5;
202300012160;155 658 955;A01;2;1;15;0;1;1;5;
202300012176;155 658 927;B01;0;1;0;2;8;1;5;
202300012188;155 658 904;B01;2;80;0;2;7;1;3;
202300012196;155 658 895;B01;2;1;0;2;8;1;5;
202300012204;155 658 882;B01;1;1;0;2;1;0;5;
202300012210;155 658 866;A01;3;1;0;2;4;1;5;
202300012212;155 658 863;B01;1;1;0;2;1;1;5;
202300012213;155 658 864;B01;2;1;0;2;4;1;5;
202300012216;155 658 858;B01;2;1;0;2;7;1;5;
202300012223;155 658 842;A01;1;1;0;2;2;11;5;
202300012233;155 658 830;B01;1;1;0;0;5;1;5;
202300012242;155 658 814;Y01;2;1;0;2;8;1;5;
202300012248;155 658 799;A01;0;1;0;2;1;1;5;
202300012249;155 658 798;A01;1;1;0;2;5;19;5;
202300012255;155 658 790;B01;0;1;0;2;0;19;5;
202300012259;155 658 782;B01;1;1;0;2;7;1;5;
202300012261;155 658 781;A01;3;1;0;2;1;1;5;
202300012266;155 658 767;B01;1;1;0;2;8;1;5;
202300012271;155 658 758;A01;1;1;0;2;1;13;5;
202300012279;155 658 743;A01;2;1;0;2;0;15;5;
202300012283;155 658 738;B01;1;1;0;2;1;1;5;
202300012309;155 658 688;A01;2;1;0;2;1;19;5;
202300012316;155 658 677;B01;1;1;0;2;1;1;5;
202300012320;155 658 671;B01;2;1;0;2;7;1;5;
202300012339;155 658 641;A01;1;80;0;2;1;13;3;
202300012342;155 658 638;B01;1;1;0;2;1;1;5;
202300012354;155 658 615;A01;1;1;0;1;0;1;5;
202300012379;155 658 567;B01;2;1;0;2;1;1;5;
202300012383;155 658 560;A01;0;1;12;0;1;19;5;
202300012384;155 658 561;B01;1;1;0;2;8;15;5;
202300012400;155 658 533;B01;1;1;0;2;4;1;5;
202300012404;155 658 523;A01;1;1;0;1;2;1;5;
202300012417;155 658 500;B01;2;1;12;2;6;1;5;
202300012450;155 658 453;B01;2;80;0;2;0;0;3;
202300012477;155 658 399;A01;1;1;0;2;1;1;5;
202300012478;155 658 396;B01;1;1;0;2;1;1;5;
202300012485;155 658 385;B01;3;1;0;2;3;19;5;
202300012495;155 658 361;B01;3;1;0;2;3;13;5;
202300012498;155 658 359;B01;3;1;0;2;1;1;5;
202300012510;155 658 332;B01;3;1;0;2;0;0;5;
202300012517;155 658 319;A01;1;1;9;0;7;16;5;
202300012548;155 658 262;B01;0;80;0;2;0;1;3;
202300012550;155 658 257;A01;1;1;3;0;1;1;5;
202300012551;155 658 255;B01;3;1;0;2;4;2;5;
202300012551;155 658 258;A01;3;1;0;2;1;2;5;
202300012562;155 658 241;B01;1;1;0;2;3;11;5;
202300012568;155 658 227;B01;3;1;0;2;7;0;5;
202300012570;155 658 226;B01;3;1;0;2;1;1;5;
202300012580;155 658 208;A01;2;1;0;2;1;12;5;
202300012592;155 658 184;B01;2;1;0;2;1;19;5;
202300012597;155 658 175;B01;3;1;0;2;7;26;5;
202300012613;155 658 149;A01;1;1;0;2;3;14;5;
202300012621;155 658 135;A01;3;1;14;0;0;0;5;
202300012667;155 658 057;B01;3;1;0;2;1;1;5;
202300012672;155 658 050;A01;1;1;0;2;1;13;5;
202300012672;155 658 053;B01;2;1;0;2;1;1;5;
202300012677;155 658 044;A01;1;1;0;2;1;1;5;
202300012686;155 658 025;B01;3;1;0;2;2;17;5;
202300012687;155 658 021;A01;0;1;0;2;1;1;5;
202300012687;155 658 023;B01;0;1;0;2;1;13;5;
202300012705;155 657 991;B01;2;1;0;2;2;1;5;
202300012708;155 657 990;A01;1;1;0;0;3;26;5;
202300012709;155 657 988;B01;2;1;0;2;1;1;5;
202300012736;155 657 948;A01;2;1;1;0;1;1;5;
202300012753;155 657 912;B01;1;1;0;2;1;1;5;
202300012756;155 657 911;B01;3;1;0;2;8;1;5;
202300012765;155 657 895;B01;2;1;1;0;1;22;5;
202300012774;155 657 871;B01;2;1;0;2;1;1;5;
202300012778;155 657 866;B01;2;1;1;0;0;0;5;
202300012787;155 657 848;A01;1;1;0;2;0;2;5;
202300012787;155 657 849;B01;1;1;0;2;0;1;5;
202300012789;155 657 844;B01;1;1;0;2;1;1;5;
202300012793;155 657 840;B01;2;1;0;2;1;0;5;
202300012794;155 657 837;A01;1;1;0;1;1;1;5;
202300012798;155 657 835;B01;2;1;0;2;7;25;5;
202300012803;155 657 825;B01;1;1;0;2;1;17;5;
202300012811;155 657 808;B01;2;1;0;2;1;1;5;
202300012813;155 657 800;B01;1;1;0;2;0;0;5;
202300012822;155 657 784;B01;2;1;0;2;3;1;5;
202300012833;155 657 771;B01;0;80;1;0;5;1;3;
202300012834;155 657 764;B01;3;1;0;2;6;26;5;
202300012868;155 657 710;B01;3;1;0;2;7;1;5;
202300012869;155 657 706;B01;3;1;0;2;5;0;5;
202300012871;155 657 702;B01;3;1;0;2;0;0;5;
202300012876;155 657 694;B01;3;1;0;2;7;1;5;
202300012886;155 657 679;B01;1;1;8;0;1;19;5;
202300012898;155 657 654;B01;1;1;0;0;4;1;5;
202300012919;155 657 617;A01;3;1;0;2;1;1;5;
202300012921;155 657 611;A01;2;1;0;1;1;1;5;
202300012938;155 657 580;A01;1;1;0;1;1;1;5;
202300012940;155 657 574;B01;1;1;0;2;7;1;5;
202300012953;155 657 559;Z01;1;1;0;2;1;5;5;
202300012955;155 657 553;B01;1;1;0;2;8;15;5;
202300012978;155 657 519;B01;3;1;0;0;8;26;5;
202300012980;155 657 518;A01;1;1;0;2;8;26;5;
202300012988;155 657 503;A01;1;1;0;1;7;13;5;
202300013004;155 657 475;A01;1;1;0;2;4;2;5;
202300013048;155 657 405;A01;1;80;0;2;2;0;6;
202300013051;155 657 399;B01;0;1;0;2;8;16;5;
202300013099;155 657 316;B01;2;1;0;2;1;9;5;
202300013108;155 657 299;A01;0;1;0;0;0;0;5;
202300013157;155 657 204;B01;2;1;0;2;1;9;5;
202300013160;155 657 197;B01;1;1;0;2;1;1;5;
202300013171;155 657 177;B01;3;1;0;0;0;16;5;
202300013180;155 657 163;B01;1;1;0;2;1;0;5;
202300013182;155 657 160;B01;3;1;0;2;7;1;5;
202300013186;155 657 152;A01;3;1;0;2;1;25;5;
202300013190;155 657 143;B01;3;1;0;2;8;0;5;
202300013202;155 657 122;A01;1;1;0;2;1;2;5;
202300013206;155 657 116;B01;3;80;0;2;7;1;3;
202300013221;155 657 087;B01;3;1;0;2;1;1;5;
202300013226;155 657 078;B01;1;1;0;2;1;1;5;
202300013227;155 657 076;A01;2;1;0;2;1;1;5;
202300013233;155 657 067;A01;1;1;0;0;1;1;5;
202300013236;155 657 064;A01;1;1;8;2;2;18;5;
202300013248;155 657 039;B01;2;1;0;2;0;0;5;
202300013252;155 657 033;Z01;2;1;0;1;1;1;5;
202300013254;155 657 030;B01;1;1;0;0;0;0;5;
202300013312;155 656 936;A01;1;1;0;1;1;1;5;
202300013332;155 656 905;A01;3;1;0;9;9;26;5;
202300013344;155 656 885;B01;3;1;0;2;1;1;5;
202300013367;155 656 843;B01;2;1;0;2;1;1;5;
202300013381;155 656 817;A01;1;1;0;2;7;1;5;
202300013382;155 656 815;B01;2;1;0;2;8;1;5;
202300013391;155 656 797;B01;2;1;0;2;2;1;5;
202300013421;155 656 757;B01;0;80;0;2;8;15;3;
202300013443;155 656 721;A01;1;1;0;0;4;1;5;
202300013446;155 656 718;B01;1;1;0;2;1;11;5;
202300013458;155 656 697;A01;2;1;0;2;6;13;5;
202300013488;155 656 635;B01;3;1;0;2;8;1;5;
202300013494;155 656 620;C01;3;80;0;2;1;12;3;
202300013505;155 656 602;B01;3;1;0;2;4;2;5;
202300013533;155 656 552;A01;1;1;1;0;1;14;5;
202300013546;155 656 534;B01;1;1;0;2;4;15;5;
202300013573;155 656 481;B01;1;1;0;2;1;1;5;
202300013581;155 656 469;A01;2;1;0;2;4;1;5;
202300013590;155 656 451;A01;0;1;0;0;0;1;5;
202300013598;155 656 437;B01;2;1;0;2;2;19;0;
202300013599;155 656 436;B01;2;1;0;2;4;15;5;
202300013606;155 656 425;B01;1;80;0;2;1;15;3;
202300013620;155 656 398;A01;2;1;12;2;9;1;5;
202300013621;155 656 396;B01;2;1;0;2;1;1;5;
202300013629;155 656 382;B01;3;1;0;2;8;1;5;
202300013631;155 656 378;A01;3;1;0;1;8;1;5;
202300013632;155 656 377;B01;3;1;0;2;8;19;5;
202300013634;155 656 373;Z01;2;1;0;1;1;25;5;
202300013635;155 656 372;A01;1;1;0;1;2;16;5;
202300013637;155 656 370;Z01;2;1;0;1;1;1;5;
202300013638;155 656 369;B01;1;1;0;2;1;1;5;
202300013639;155 656 366;B01;1;1;0;2;1;1;5;
202300013647;155 656 353;A01;2;1;0;1;1;13;5;
202300013658;155 656 334;Z01;0;1;0;2;1;25;5;
202300013660;155 656 330;B01;1;1;0;2;1;1;5;
202300013666;155 656 319;B01;3;1;0;2;3;1;5;
202300013672;155 656 308;A01;1;1;13;0;1;16;5;
202300013674;155 656 305;B01;2;1;0;2;6;15;5;
202300013689;155 656 271;B01;1;1;0;2;1;1;5;
202300013694;155 656 262;B01;1;1;0;2;2;1;5;
202300013694;155 656 263;D01;1;1;0;0;0;21;5;
202300013694;155 656 264;C01;1;1;0;2;2;21;5;
202300013700;155 656 252;B01;1;1;0;0;8;1;5;
202300013767;155 656 138;B01;1;1;0;2;8;19;5;
202300013774;155 656 125;B01;1;1;0;2;3;1;5;
202300013775;155 656 123;A01;2;1;0;0;7;1;5;
202300013778;155 656 118;A01;2;1;0;2;0;16;5;
202300013799;155 656 080;B01;3;1;0;2;2;1;5;
202300013805;155 656 063;E01;3;1;0;2;8;1;5;
202300013805;155 656 065;B01;3;1;0;2;8;1;5;
202300013805;155 656 066;C01;3;1;0;2;8;1;5;
202300013805;155 656 067;D01;3;1;0;2;8;1;5;
202300013805;155 656 068;F01;3;1;0;2;8;1;5;
202300013805;155 656 069;G01;3;1;0;2;8;1;5;
202300013805;155 656 070;H01;3;1;0;2;8;1;5;
202300013838;155 656 009;B01;3;1;0;2;3;1;5;
202300013842;155 656 003;A01;2;80;1;0;1;14;3;
202300013845;155 655 998;B01;2;1;0;2;8;1;5;
202300013850;155 655 987;B01;2;80;0;2;1;1;3;
202300013862;155 655 964;C01;2;1;0;2;8;1;5;
202300013864;155 655 961;A01;1;1;0;0;0;2;5;
202300013865;155 655 960;Y01;1;1;0;2;1;1;5;
202300013866;155 655 957;B01;1;1;0;2;8;1;5;
202300013866;155 655 958;A01;1;80;0;2;7;17;3;
202300013870;155 655 951;A01;1;1;0;2;8;11;5;
202300013871;155 655 950;B01;0;1;0;2;1;1;5;
202300013879;155 655 934;Y01;2;1;0;2;7;3;5;
202300013882;155 655 928;TB01;0;80;0;0;8;1;3;
202300013883;155 655 927;B01;3;1;0;2;7;1;5;
202300013896;155 655 903;B01;2;1;0;2;1;23;5;
202300013904;155 655 892;A01;2;80;0;1;1;1;3;
202300013910;155 655 878;B01;3;1;0;2;4;11;5;
202300013910;155 655 880;A01;3;1;0;2;1;17;5;
202300013917;155 655 867;B01;2;1;0;2;2;15;5;
202300013922;155 655 857;A01;2;1;6;0;2;1;5;
202300013924;155 655 854;A01;2;1;0;2;1;13;5;
202300013924;155 655 856;B01;1;1;0;2;1;1;5;
202300013926;155 655 853;B01;1;80;0;2;0;1;3;
202300013942;155 655 820;A01;3;1;0;2;0;1;5;
202300013942;155 655 821;B01;3;1;0;2;0;0;5;
202300013945;155 655 815;B01;1;1;0;2;1;2;5;
202300013955;155 655 801;Y01;1;1;8;2;1;16;5;
202300013957;155 655 797;B01;3;1;0;2;8;10;5;
202300013963;155 655 785;A01;1;1;0;0;0;15;5;
202300013979;155 655 761;B01;2;1;0;2;3;1;5;
202300013988;155 655 747;A01;1;1;5;0;2;1;5;
202300014008;155 655 716;B01;1;1;0;2;1;1;5;
202300014024;155 655 686;B01;1;80;0;2;8;1;3;
202300014113;155 655 539;B01;1;80;0;2;1;1;3;
202300014114;155 655 536;A01;2;1;13;0;0;1;5;
202300014116;155 655 535;B01;1;1;0;2;6;1;5;
202300014121;155 655 527;B01;1;1;0;0;8;2;5;
202300014131;155 655 512;B01;2;80;0;2;2;1;3;
202300014137;155 655 502;B01;3;1;0;2;5;19;5;
202300014144;155 655 491;B01;1;1;0;2;8;1;5;
202300014146;155 655 485;B01;1;1;0;2;1;1;5;
202300014147;155 655 486;A01;1;1;0;2;7;0;5;
202300014159;155 655 463;A01;3;1;8;2;4;2;5;
202300014159;155 655 464;B01;3;1;0;2;1;2;5;
202300014174;155 655 436;A01;1;1;0;0;0;1;5;
202300014177;155 655 432;Y01;2;1;0;0;0;19;5;
202300014181;155 655 427;A01;2;1;13;0;0;1;5;
202300014182;155 655 426;B01;2;1;0;2;1;1;5;
202300014185;155 655 419;A01;1;1;0;2;1;13;5;
202300014201;155 655 380;A01;2;1;0;2;1;15;5;
202300014201;155 655 383;Z01;1;1;0;2;1;1;5;
202300014205;155 655 373;A01;1;1;0;1;1;1;5;
202300014207;155 655 372;B01;1;1;0;2;1;2;5;
202300014229;155 655 331;D01;2;1;0;2;4;1;5;
202300014229;155 655 332;E01;2;1;0;2;4;1;5;
202300014229;155 655 337;B01;2;1;0;2;4;1;5;
202300014229;155 655 339;C01;2;1;0;2;4;1;5;
202300014233;155 655 325;A01;2;80;0;0;0;0;3;
202300014255;155 655 284;A01;1;1;0;2;1;1;5;
202300014255;155 655 287;B01;2;1;0;0;4;5;5;
202300014261;155 655 274;A01;0;1;0;2;1;15;5;
202300014262;155 655 270;B01;0;1;0;2;1;1;5;
202300014268;155 655 262;B01;3;1;0;2;3;15;5;
202300014277;155 655 246;B01;3;1;0;2;8;9;5;
202300014282;155 655 241;B01;1;1;0;0;0;26;5;
202300014283;155 655 242;A01;0;1;0;2;0;0;5;
202300014315;155 655 187;B01;3;1;0;2;1;1;5;
202300014334;155 655 154;A01;1;1;14;0;0;1;5;
202300014340;155 655 142;A01;3;80;0;2;1;1;3;
202300014356;155 655 117;B01;2;1;0;2;7;1;5;
202300014373;155 655 092;A01;1;1;0;2;7;25;5;
202300014379;155 655 082;A01;3;1;0;0;9;1;5;
202300014381;155 655 079;B01;1;1;0;2;0;1;5;
202300014392;155 655 062;A01;2;1;0;0;0;10;5;
202300014399;155 655 051;B01;3;1;0;2;8;2;5;
202300014405;155 655 039;B01;1;1;0;2;8;1;5;
202300014406;155 655 035;B01;3;1;0;2;0;19;5;
202300014411;155 655 022;B01;2;1;0;2;1;1;5;
202300014411;155 655 023;A01;1;80;0;2;1;1;3;
202300014413;155 655 021;B01;3;80;0;2;0;13;3;
202300014415;155 655 018;A01;2;1;13;0;0;13;5;
202300014430;155 654 989;A01;2;1;12;0;1;1;5;
202300014434;155 654 984;C01;1;1;1;0;1;2;5;
202300014436;155 654 980;B01;3;1;0;2;7;1;5;
202300014442;155 654 971;B01;1;1;0;2;2;19;5;
202300014452;155 654 953;B01;3;1;0;0;0;1;5;
202300014456;155 654 948;B01;3;1;0;0;0;1;5;
202300014499;155 654 875;A01;1;1;0;2;1;13;5;
202300014544;155 654 799;B01;2;80;0;2;1;1;3;
202300014547;155 654 795;B01;3;1;0;2;6;19;5;
202300014549;155 654 790;B01;0;1;0;4;1;14;5;
202300014555;155 654 778;A01;1;80;0;2;1;5;3;
202300014563;155 654 765;B01;1;80;0;2;7;1;3;
202300014600;155 654 700;A01;1;80;0;0;7;2;3;
202300014617;155 654 664;A01;1;1;0;2;8;18;5;
202300014636;155 654 623;A01;2;1;0;1;1;1;5;
202300014658;155 654 587;B01;3;1;0;2;0;19;5;
202300014670;155 654 566;A01;3;1;0;1;1;1;5;
202300014678;155 654 551;B01;0;1;0;2;1;26;5;
202300014700;155 654 519;B01;3;80;0;2;1;2;3;
202300014708;155 654 500;B01;1;1;0;2;1;13;5;
202300014719;155 654 487;B01;1;80;0;2;8;13;3;
202300014722;155 654 484;B01;1;1;0;0;1;2;5;
202300014723;155 654 475;A01;2;1;0;2;2;1;5;
202300014731;155 654 462;A01;2;1;0;0;0;1;5;
202300014737;155 654 450;B01;3;80;0;2;1;1;3;
202300014743;155 654 435;A01;0;1;0;2;1;1;5;
202300014749;155 654 427;B01;3;80;0;2;6;15;3;
202300014756;155 654 416;B01;3;80;0;2;0;19;3;
202300014773;155 654 386;B01;3;1;0;2;4;1;5;
202300014782;155 654 370;B01;3;1;0;0;1;2;5;
202300014792;155 654 347;B01;1;1;0;2;1;1;5;
202300014793;155 654 346;B01;0;1;0;2;1;16;5;
202300014804;155 654 332;B01;2;1;0;2;1;1;5;
202300014835;155 654 275;A01;3;1;0;2;1;26;5;
202300014852;155 654 246;A01;3;1;0;2;4;15;5;
202300014857;155 654 239;A01;-1;1;0;0;0;-1;5;
202300014887;155 654 181;B01;0;1;0;2;0;9;5;
202300014888;155 654 177;B01;3;1;0;2;1;1;5;
202300014890;155 654 179;B01;1;1;0;2;0;0;5;
202300014896;155 654 167;B01;3;1;0;2;1;1;5;
202300014910;155 654 145;B01;2;1;0;2;4;1;5;
202300014927;155 654 122;B01;2;1;0;2;7;1;5;
202300014941;155 654 085;B01;3;1;0;2;7;19;5;
202300014970;155 654 044;B01;3;1;0;2;6;1;5;
202300014973;155 654 037;A01;1;80;0;2;2;14;3;
202300014998;155 653 997;A01;2;1;0;2;1;1;5;
202300015000;155 653 993;A01;1;1;0;2;1;2;5;
202300015000;155 653 994;B01;1;1;0;2;4;2;5;
202300015003;155 653 987;Y01;3;1;0;2;1;19;5;
202300015006;155 653 982;B01;1;80;0;2;8;1;3;
202300015018;155 653 962;B01;1;1;0;2;1;1;5;
202300015028;155 653 949;B01;2;1;1;0;8;1;5;
202300015030;155 653 946;A01;2;1;0;2;8;9;5;
202300015033;155 653 942;A01;2;1;12;0;8;1;5;
202300015035;155 653 937;B01;3;1;0;2;7;19;5;
202300015036;155 653 936;A01;1;1;0;2;0;1;5;
202300015042;155 653 931;B01;3;1;1;2;8;0;5;
202300015045;155 653 924;B01;3;1;0;2;1;15;5;
202300015051;155 653 912;A01;3;1;0;2;1;1;5;
202300015053;155 653 910;A01;2;1;0;0;1;1;5;
202300015055;155 653 907;A01;1;1;9;0;3;2;5;
202300015069;155 653 886;B01;2;80;0;2;1;1;3;
202300015111;155 653 818;B01;1;1;0;2;4;1;5;
202300015145;155 653 765;A01;1;1;13;0;1;1;5;
202300015147;155 653 762;A01;1;1;0;0;0;1;5;
202300015148;155 653 761;B01;0;1;0;0;8;1;5;
202300015153;155 653 753;A01;1;1;14;1;1;1;5;
202300015166;155 653 729;B01;2;1;0;2;8;1;5;
202300015166;155 653 731;C01;2;1;0;2;8;1;5;
202300015177;155 653 708;A01;1;1;0;2;1;1;5;
202300015190;155 653 686;B01;1;80;0;0;4;1;3;
202300015204;155 653 664;B01;0;1;0;0;4;1;5;
202300015219;155 653 638;B01;3;1;0;2;1;2;5;
202300015219;155 653 640;A01;3;1;0;2;4;2;5;
202300015230;155 653 621;A01;1;1;0;1;1;1;5;
202300015232;155 653 618;A01;2;1;0;2;1;2;5;
202300015232;155 653 619;B01;2;1;0;0;4;2;5;
202300015255;155 653 576;A01;2;1;0;1;1;1;5;
202300015258;155 653 571;B01;3;80;0;2;8;1;3;
202300015262;155 653 564;A01;1;80;0;2;1;1;3;
202300015264;155 653 561;A01;2;1;4;0;8;15;5;
202300015279;155 653 536;B01;0;1;0;2;5;19;5;
202300015282;155 653 531;B01;1;1;0;2;0;1;5;
202300015294;155 653 509;B01;2;1;12;0;8;1;5;
202300015299;155 653 503;B01;1;1;0;0;7;1;5;
202300015312;155 653 480;B01;1;1;0;2;1;1;5;
202300015333;155 653 443;B01;1;1;0;2;5;2;5;
202300015348;155 653 406;A01;0;1;0;2;3;0;5;
202300015355;155 653 395;B01;1;80;0;2;7;15;3;
202300015390;155 653 325;A01;1;1;0;2;2;1;5;
202300015433;155 653 250;B01;3;1;0;2;6;19;5;
202300015442;155 653 229;B01;3;80;0;2;8;1;3;
202300015474;155 653 172;A01;3;1;1;0;1;15;5;
202300015497;155 653 127;A01;2;1;0;2;1;19;5;
202300015505;155 653 109;A01;1;1;0;2;1;1;5;
202300015515;155 653 094;B01;1;80;0;2;1;1;3;
202300015518;155 653 088;B01;1;80;0;2;7;2;3;
202300015520;155 653 085;B01;3;1;0;2;1;1;5;
202300015523;155 653 079;A01;1;1;0;2;8;1;5;
202300015531;155 653 067;B01;0;1;0;2;3;19;5;
202300015543;155 653 044;B01;2;1;0;2;7;14;5;
202300015552;155 653 025;B01;3;1;0;2;1;1;5;
202300015566;155 652 999;A01;1;1;0;1;1;1;5;
202300015569;155 652 995;A01;2;1;0;2;7;1;5;
202300015570;155 652 993;B01;2;1;0;2;1;1;5;
202300015572;155 652 989;A01;2;1;0;2;3;21;5;
202300015573;155 652 985;B01;1;1;0;2;8;13;5;
202300015575;155 652 982;B01;1;1;1;0;1;1;5;
202300015584;155 652 965;A01;0;1;0;9;1;2;5;
202300015584;155 652 966;B01;0;1;0;0;4;2;5;
202300015589;155 652 956;A01;0;80;0;2;6;1;3;
202300015605;155 652 932;A01;2;1;0;0;0;1;5;
202300015671;155 652 817;A01;3;1;1;0;1;0;5;
202300015679;155 652 805;B01;1;80;0;2;8;15;3;
202300015682;155 652 798;A01;1;1;0;2;1;19;5;
202300015767;155 652 631;B01;2;1;0;2;2;1;5;
202300015775;155 652 616;B01;3;1;0;2;5;0;5;
202300015787;155 652 597;B01;2;1;1;0;1;1;5;
202300015788;155 652 594;B01;2;1;0;2;1;1;5;
202300015789;155 652 593;A01;1;1;0;1;1;1;5;
202300015793;155 652 587;B01;2;80;8;2;1;1;3;
202300015802;155 652 571;B01;3;1;0;2;1;2;5;
202300015826;155 652 521;A01;2;80;0;2;1;1;3;
202300015826;155 652 523;B01;1;1;0;2;1;1;5;
202300015836;155 652 504;B01;1;1;1;0;1;1;5;
202300015842;155 652 496;Y01;1;1;1;0;1;1;5;
202300015844;155 652 493;A01;0;1;0;2;0;1;5;
202300015851;155 652 476;B01;1;1;0;2;5;1;5;
202300015854;155 652 473;B01;1;1;0;2;4;1;5;
202300015865;155 652 451;B01;0;1;0;2;8;2;5;
202300015868;155 652 446;B01;1;80;0;2;8;19;3;
202300015870;155 652 443;A01;2;1;0;0;0;1;5;
202300015874;155 652 441;A01;1;1;0;2;1;1;5;
202300015883;155 652 420;B01;1;1;0;2;4;2;5;
202300015884;155 652 417;B01;2;1;1;2;1;1;5;
202300015884;155 652 419;A01;1;1;1;2;1;21;5;
202300015893;155 652 401;A01;0;1;0;2;1;0;5;
202300015908;155 652 380;A01;0;80;0;9;1;17;3;
202300015920;155 652 351;B01;1;1;0;2;0;1;5;
202300015933;155 652 327;B01;1;1;1;2;1;1;5;
202300015937;155 652 320;A01;2;1;0;2;1;1;5;
202300015952;155 652 295;A01;1;1;13;0;1;1;5;
202300015956;155 652 289;A01;1;80;0;2;8;13;3;
202300015958;155 652 281;A01;2;80;12;0;2;5;3;
202300015962;155 652 279;B01;1;1;0;2;7;1;5;
202300015964;155 652 271;B01;1;80;0;2;8;15;3;
202300015973;155 652 254;A01;1;1;0;2;1;11;5;
202300015991;155 652 221;B01;3;80;1;2;8;1;3;
202300016008;155 652 193;A01;3;1;0;2;1;15;5;
202300016027;155 652 162;B01;1;1;0;2;8;1;5;
202300016031;155 652 153;B01;3;1;0;2;4;1;5;
202300016045;155 652 128;B01;2;1;0;2;1;2;5;
202300016048;155 652 122;A01;2;1;0;2;8;19;5;
202300016049;155 652 118;A01;3;1;0;2;4;19;5;
202300016058;155 652 101;A01;3;1;8;0;3;1;5;
202300016090;155 652 043;A01;3;1;0;0;0;1;5;
202300016091;155 652 042;B01;2;1;0;2;7;17;5;