Num_Acc;id_vehicule;num_veh;senc;catv;obs;obsm;choc;manv;motor;occutc
202300016106;155 652 012;A01;1;1;0;2;1;19;5;
202300016130;155 651 969;B01;2;1;0;2;1;1;5;
202300016138;155 651 955;B01;1;1;0;2;7;1;5;
202300016140;155 651 949;A01;2;1;0;2;6;10;5;
202300016140;155 651 952;B01;1;1;0;2;1;1;5;
202300016143;155 651 947;A01;2;80;0;2;1;1;3;
202300016145;155 651 944;A01;1;1;0;2;2;19;5;
202300016149;155 651 936;B01;3;80;0;2;8;19;3;
202300016154;155 651 928;B01;2;1;0;2;0;1;5;
202300016164;155 651 909;Y01;1;1;0;2;1;0;5;
202300016165;155 651 908;A01;2;1;0;1;1;1;5;
202300016170;155 651 898;A01;2;80;0;2;1;1;3;
202300016170;155 651 899;B01;2;80;0;2;4;20;3;
202300016172;155 651 906;A01;2;1;14;0;0;23;5;
202300016186;155 651 873;A01;2;1;0;2;1;2;5;
202300016186;155 651 874;B01;2;1;0;2;4;15;5;
202300016196;155 651 851;B01;3;1;0;2;8;0;5;
202300016201;155 651 841;A01;0;1;0;2;8;1;5;
202300016203;155 651 835;A01;1;1;0;2;1;0;5;
202300016212;155 651 822;B01;2;1;0;2;8;1;5;
202300016240;155 651 766;B01;1;1;0;2;8;9;5;
202300016252;155 651 749;B01;2;1;0;2;3;1;5;
202300016291;155 651 685;B01;3;1;0;2;1;1;5;
202300016295;155 651 671;A01;1;1;0;0;1;0;5;
202300016300;155 651 664;A01;1;1;0;2;1;9;5;
202300016303;155 651 662;B01;3;1;0;2;3;19;5;
202300016309;155 651 654;A01;3;1;0;0;0;0;5;
202300016312;155 651 653;B01;2;1;0;0;1;2;5;
202300016332;155 651 625;B01;3;1;16;2;0;0;5;
202300016339;155 651 606;B01;3;80;0;2;7;1;3;
202300016345;155 651 591;A01;2;1;0;2;7;1;5;
202300016350;155 651 579;B01;2;1;0;2;1;1;5;
202300016351;155 651 586;A01;1;1;0;2;0;1;5;
202300016358;155 651 571;A01;2;80;0;2;1;5;3;
202300016361;155 651 567;B01;1;1;0;2;8;19;5;
202300016363;155 651 563;A01;2;1;0;0;1;14;5;
202300016374;155 651 549;B01;2;1;0;2;4;1;5;
202300016376;155 651 539;B01;1;1;0;2;8;1;5;
202300016378;155 651 543;B01;3;80;0;2;4;1;3;
202300016379;155 651 535;A01;2;1;1;0;2;1;5;
202300016379;155 651 537;B01;2;1;0;0;8;23;5;
202300016380;155 651 536;B01;2;1;0;2;7;1;5;
202300016385;155 651 526;A01;3;1;0;1;7;1;5;
202300016389;155 651 519;B01;3;1;0;2;1;2;5;
202300016406;155 651 491;A01;3;80;0;2;2;1;3;
202300016407;155 651 488;A01;2;80;0;0;7;1;3;
202300016413;155 651 478;A01;2;1;1;2;7;2;5;
202300016420;155 651 460;B01;1;80;0;2;0;0;3;
202300016427;155 651 448;B01;2;1;0;2;8;2;5;
202300016437;155 651 430;B01;2;1;13;2;8;1;5;
202300016451;155 651 406;A01;2;1;0;0;0;1;5;
202300016473;155 651 376;B01;1;1;0;2;2;18;5;
202300016483;155 651 357;A01;2;80;0;0;4;1;3;
202300016487;155 651 353;B01;2;1;1;0;1;2;5;
202300016490;155 651 348;B01;2;1;0;2;1;1;5;
202300016505;155 651 323;A01;1;1;0;1;1;15;5;
202300016520;155 651 300;B01;3;1;0;2;2;1;5;
202300016549;155 651 247;A01;2;1;0;0;0;1;5;
202300016558;155 651 232;A01;1;1;0;1;1;1;5;
202300016561;155 651 228;B01;1;1;0;2;1;2;5;
202300016563;155 651 229;B01;1;1;0;2;1;9;5;
202300016587;155 651 187;A01;1;1;1;0;1;1;5;
202300016617;155 651 130;B01;1;1;1;0;2;1;5;
202300016632;155 651 103;A01;2;1;0;2;0;0;5;
202300016639;155 651 087;A01;1;80;0;2;8;1;3;
202300016642;155 651 085;B01;2;1;0;2;0;16;5;
202300016644;155 651 075;A01;3;1;0;0;1;1;5;
202300016667;155 651 037;B01;2;1;0;2;3;25;5;
202300016670;155 651 036;B01;1;1;0;2;7;5;5;
202300016697;155 650 985;B01;1;1;0;2;1;1;0;
202300016719;155 650 947;A01;0;1;0;2;0;0;5;
202300016722;155 650 940;A01;1;1;0;2;3;15;5;
202300016727;155 650 933;A01;2;1;0;2;7;14;5;
202300016727;155 650 935;B01;2;1;0;2;8;1;5;
202300016740;155 650 910;A01;3;1;6;0;7;9;5;
202300016745;155 650 899;A01;3;80;0;2;5;2;3;
202300016751;155 650 887;A01;1;1;0;2;1;1;5;
202300016782;155 650 831;A01;2;1;1;2;1;5;5;
202300016792;155 650 812;B01;1;1;0;2;1;1;5;
202300016805;155 650 793;B01;1;1;0;9;3;1;5;
202300016822;155 650 762;B01;1;80;0;2;7;26;3;
202300016826;155 650 755;A01;1;1;0;2;0;1;5;
202300016833;155 650 744;B01;1;1;0;2;0;0;5;
202300016845;155 650 723;B01;2;1;0;2;0;0;5;
202300016852;155 650 706;A01;3;1;0;2;1;1;5;
202300016858;155 650 696;A01;2;80;0;2;6;13;3;
202300016860;155 650 691;B01;2;1;0;2;4;1;5;
202300016863;155 650 689;A01;1;1;1;0;9;26;5;
202300016924;155 650 575;B01;1;1;0;2;2;1;5;
202300016944;155 650 542;AB01;3;80;0;2;7;19;3;
202300016947;155 650 537;A01;1;1;0;0;1;1;5;
202300016953;155 650 527;A01;1;1;0;2;1;15;5;
202300016956;155 650 525;A01;2;1;12;0;2;16;5;
202300016960;155 650 518;A01;3;80;0;1;1;1;3;
202300016982;155 650 481;B01;3;1;0;2;1;19;5;
202300016983;155 650 477;B01;1;1;0;2;1;1;5;
202300017006;155 650 440;B01;0;1;0;2;1;5;5;
202300017016;155 650 426;A01;1;1;0;6;0;0;5;
202300017022;155 650 417;A01;1;1;1;1;1;1;5;
202300017050;155 650 370;B01;2;1;0;2;4;1;5;
202300017059;155 650 351;B01;3;1;0;0;1;1;5;
202300017062;155 650 344;B01;2;80;0;2;8;1;3;
202300017134;155 650 218;C01;1;1;0;0;8;1;5;
202300017145;155 650 195;A01;1;1;0;2;1;1;5;
202300017149;155 650 189;B01;3;1;0;2;6;15;5;
202300017159;155 650 163;B01;1;1;0;2;7;1;5;
202300017164;155 650 157;A01;2;1;0;0;0;1;5;
202300017177;155 650 134;B01;1;1;0;0;0;0;5;
202300017178;155 650 131;B01;1;1;0;2;1;2;5;
202300017181;155 650 126;A01;2;1;0;0;0;0;5;
202300017185;155 650 119;B01;1;1;0;2;8;16;5;
202300017192;155 650 108;A01;1;80;0;1;0;26;3;
202300017207;155 650 084;A01;1;1;0;2;4;2;5;
202300017241;155 650 033;A01;2;1;16;2;8;13;5;
202300017241;155 650 034;B01;2;1;0;2;7;2;5;
202300017252;155 650 010;B01;3;1;0;2;3;19;5;
202300017254;155 650 005;A01;1;80;0;2;1;15;3;
202300017270;155 649 972;B01;2;80;0;2;1;1;3;
202300017295;155 649 930;B01;3;1;0;2;0;25;5;
202300017304;155 649 911;P01;3;1;0;2;0;0;5;
202300017310;155 649 902;A01;1;1;8;0;1;14;5;
202300017311;155 649 900;A01;1;80;0;2;7;12;3;
202300017312;155 649 899;A01;1;1;12;0;8;13;5;
202300017314;155 649 896;B01;1;1;0;2;3;1;5;
202300017315;155 649 893;B01;3;1;0;2;1;1;5;
202300017323;155 649 879;B01;2;1;0;2;4;1;5;
202300017329;155 649 867;A01;1;80;0;1;3;0;3;
202300017333;155 649 861;B01;3;1;1;0;1;1;5;
202300017340;155 649 849;B01;1;1;0;0;4;2;5;
202300017383;155 649 764;C01;2;1;0;2;9;17;5;
202300017417;155 649 703;B01;2;1;0;0;0;0;5;
202300017427;155 649 683;A01;0;1;0;2;1;1;5;
202300017437;155 649 666;B01;1;1;0;2;0;1;5;
202300017448;155 649 649;B01;2;1;0;2;6;1;5;
202300017459;155 649 626;A01;2;1;0;2;1;17;5;
202300017474;155 649 602;A01;2;1;0;2;1;1;5;
202300017474;155 649 603;B01;1;1;0;2;5;15;5;
202300017480;155 649 592;A01;3;1;0;2;8;9;5;
202300017533;155 649 501;B01;2;1;0;2;4;2;5;
202300017538;155 649 492;B01;1;1;0;2;4;1;5;
202300017553;155 649 461;B01;3;1;0;2;8;1;5;
202300017563;155 649 441;A01;2;1;14;0;0;16;5;
202300017586;155 649 401;B01;3;1;0;2;2;1;5;
202300017587;155 649 399;A01;2;1;16;0;0;1;5;
202300017591;155 649 393;B01;1;1;0;2;8;0;5;
202300017593;155 649 389;B01;3;1;0;2;2;15;5;
202300017596;155 649 385;B01;1;1;0;2;1;1;5;
202300017607;155 649 364;B01;1;1;0;2;8;1;5;
202300017608;155 649 362;B01;0;1;0;2;1;1;5;
202300017612;155 649 355;A01;2;1;0;1;1;1;5;
202300017614;155 649 352;B01;2;1;0;2;1;17;5;
202300017626;155 649 331;B01;3;1;0;9;0;9;5;
202300017630;155 649 325;A01;3;1;0;2;7;1;5;
202300017649;155 649 297;B01;2;1;0;2;4;5;5;
202300017651;155 649 292;B01;1;1;0;2;4;15;5;
202300017654;155 649 287;B01;0;1;0;2;1;26;5;
202300017675;155 649 248;B01;3;1;0;2;3;1;5;
202300017688;155 649 223;B01;1;80;0;2;0;0;3;
202300017717;155 649 165;A01;2;1;0;2;1;19;5;
202300017726;155 649 154;Z01;1;1;0;1;1;5;5;
202300017732;155 649 144;B01;1;80;0;2;3;2;3;
202300017735;155 649 141;B01;2;1;0;2;8;19;5;
202300017736;155 649 137;A01;1;1;0;2;1;1;5;
202300017738;155 649 131;A01;1;1;0;2;2;1;5;
202300017743;155 649 122;A01;3;1;0;9;1;0;5;
202300017743;155 649 124;B01;3;1;0;2;8;0;5;
202300017757;155 649 103;B01;1;1;0;0;4;1;5;
202300017761;155 649 094;A01;2;1;0;2;1;1;5;
202300017763;155 649 090;B01;2;1;0;2;8;1;5;
202300017782;155 649 057;B01;1;1;0;2;1;19;5;
202300017791;155 649 040;A01;1;1;0;0;3;2;5;
202300017793;155 649 034;B01;1;1;1;2;8;1;5;
202300017796;155 649 033;A01;3;1;0;2;7;2;5;
202300017797;155 649 031;Y01;2;1;0;2;7;1;5;
202300017798;155 649 026;A01;1;1;0;2;1;5;5;
202300017801;155 649 021;B01;3;1;0;2;8;1;5;
202300017803;155 649 017;A01;2;1;0;2;1;1;5;
202300017813;155 648 996;B01;2;1;0;2;1;1;5;
202300017816;155 648 988;B01;2;80;0;2;3;0;2;
202300017823;155 648 977;A01;2;1;0;2;1;2;5;
202300017830;155 648 964;A01;2;1;0;2;7;1;5;
202300017834;155 648 956;A01;3;1;0;2;1;7;5;
202300017846;155 648 932;B01;2;1;0;2;8;9;5;
202300017868;155 648 894;B01;1;1;0;2;1;1;5;
202300017888;155 648 852;A01;2;1;0;2;4;1;5;
202300017895;155 648 841;B01;3;1;0;2;5;1;5;
202300017905;155 648 821;B01;3;1;0;2;4;2;5;
202300017915;155 648 804;A01;1;1;0;1;1;1;5;
202300017916;155 648 801;A01;2;1;0;1;0;1;5;
202300017920;155 648 796;A01;2;1;0;2;7;1;5;
202300017922;155 648 793;A01;1;1;0;0;8;21;5;
202300017936;155 648 768;B01;2;1;0;2;4;2;5;
202300017944;155 648 755;A01;2;80;0;0;0;21;3;
202300017969;155 648 707;B01;2;80;0;2;8;25;3;
202300017976;155 648 694;B01;1;1;1;0;0;21;5;
202300017991;155 648 666;A01;1;1;0;2;0;2;5;
202300018014;155 648 626;B01;2;80;0;2;4;1;3;
202300018015;155 648 625;A01;1;1;0;2;7;1;5;
202300018016;155 648 621;C01;0;1;0;0;0;0;5;
202300018026;155 648 609;B01;1;1;0;2;4;1;5;
202300018036;155 648 593;B01;2;1;0;2;3;1;5;
202300018040;155 648 583;B01;2;1;0;2;1;1;5;
202300018042;155 648 578;A01;1;1;0;2;1;1;5;
202300018053;155 648 560;B01;2;1;0;2;6;1;5;
202300018055;155 648 548;B01;1;1;0;2;1;1;5;
202300018077;155 648 513;B01;3;1;0;2;0;0;5;
202300018078;155 648 519;C01;2;80;1;2;7;1;3;
202300018088;155 648 498;B01;2;1;0;2;1;1;5;
202300018088;155 648 500;A01;1;1;0;2;1;15;5;
202300018090;155 648 492;B01;2;1;1;0;0;0;5;
202300018099;155 648 479;B01;1;1;0;2;3;1;5;
202300018105;155 648 467;A01;2;1;0;2;1;19;5;
202300018119;155 648 445;B01;1;1;1;0;1;1;5;
202300018123;155 648 440;A01;0;1;0;2;4;5;5;
202300018124;155 648 436;B01;2;1;0;0;7;0;5;
202300018134;155 648 421;A01;1;1;0;2;6;19;5;
202300018142;155 648 412;B01;2;1;0;2;7;19;5;
202300018143;155 648 411;B01;3;1;0;2;8;1;5;
202300018150;155 648 393;B01;3;1;0;2;7;15;5;
202300018156;155 648 387;B01;1;1;0;2;7;2;5;
202300018167;155 648 367;B01;0;1;0;2;1;1;5;
202300018178;155 648 347;B01;2;1;0;2;7;17;5;
202300018183;155 648 337;B01;2;1;0;2;1;1;5;
202300018193;155 648 325;A01;2;1;6;0;1;1;5;
202300018197;155 648 317;B01;2;1;0;2;1;1;5;
202300018210;155 648 292;A01;1;1;0;1;9;1;5;
202300018214;155 648 289;B01;2;1;0;0;8;2;5;
202300018218;155 648 280;A01;1;1;0;2;1;2;5;
202300018219;155 648 279;B01;3;1;0;2;0;0;5;
202300018228;155 648 259;B01;1;1;0;2;1;1;5;
202300018234;155 648 248;B01;1;1;0;2;7;26;5;
202300018235;155 648 244;B01;1;80;0;2;4;2;3;
202300018242;155 648 234;B01;0;1;0;2;0;0;5;
202300018252;155 648 220;B01;1;1;0;2;8;1;5;
202300018261;155 648 200;Y01;1;1;0;2;4;25;5;
202300018263;155 648 197;A01;3;1;0;2;1;1;5;
202300018266;155 648 193;A01;2;1;0;0;0;16;5;
202300018273;155 648 179;A01;2;1;0;2;1;25;5;
202300018300;155 648 136;B01;2;1;0;2;7;19;5;
202300018311;155 648 110;B01;1;1;6;2;1;1;5;
202300018327;155 648 082;B01;0;1;0;1;0;1;6;
202300018329;155 648 084;A01;3;1;0;2;1;1;5;
202300018350;155 648 042;B01;2;1;0;2;7;1;5;
202300018372;155 648 002;A01;3;1;0;0;4;1;5;
202300018379;155 647 991;B01;1;1;0;2;1;1;5;
202300018387;155 647 980;A01;0;1;14;0;0;1;5;
202300018388;155 647 979;B01;2;1;0;2;5;1;5;
202300018395;155 647 969;B01;1;1;0;2;8;15;5;
202300018398;155 647 961;B01;2;1;0;2;1;1;5;
202300018400;155 647 957;B01;1;1;0;2;1;1;5;
202300018401;155 647 954;B01;3;1;0;2;7;1;5;
202300018404;155 647 949;B01;1;1;0;2;1;1;5;
202300018414;155 647 934;B01;1;1;0;2;4;11;5;
202300018422;155 647 919;B01;3;1;0;2;3;1;5;
202300018425;155 647 908;B01;3;1;0;2;1;19;5;
202300018427;155 647 905;B01;1;1;0;2;3;1;5;
202300018453;155 647 857;A01;2;80;0;2;4;11;3;
202300018459;155 647 846;A01;3;1;0;2;1;19;5;
202300018462;155 647 841;B01;2;1;0;2;7;1;5;
202300018469;155 647 830;A01;2;1;0;0;1;1;5;
202300018470;155 647 832;B01;1;1;0;2;1;18;5;
202300018476;155 647 817;A01;3;80;0;2;2;9;3;
202300018477;155 647 818;B01;1;1;0;2;2;14;5;
202300018485;155 647 802;A01;1;1;0;2;4;19;5;
202300018489;155 647 797;A01;2;1;0;0;1;21;5;
202300018492;155 647 790;A01;1;1;0;2;3;9;5;
202300018495;155 647 787;B01;3;1;0;2;1;1;5;
202300018513;155 647 761;B01;1;1;1;0;1;1;5;
202300018515;155 647 755;A01;2;1;0;0;0;1;5;
202300018519;155 647 748;B01;3;1;0;2;7;1;5;
202300018570;155 647 656;B01;3;1;0;2;1;0;5;
202300018579;155 647 643;B01;3;1;0;2;1;19;5;
202300018589;155 647 620;Z01;1;1;0;1;1;1;5;
202300018590;155 647 621;A01;0;1;9;0;1;1;5;
202300018600;155 647 605;B01;3;1;0;2;0;1;5;
202300018607;155 647 593;A01;3;1;0;2;8;1;5;
202300018613;155 647 585;A01;1;1;0;2;1;15;5;
202300018625;155 647 565;B01;1;1;0;2;1;1;5;
202300018639;155 647 542;B01;1;1;0;2;1;1;5;
202300018643;155 647 533;A01;3;1;0;0;0;1;5;
202300018681;155 647 462;A01;2;1;0;0;0;0;5;
202300018698;155 647 436;B01;1;1;0;2;3;1;5;
202300018704;155 647 422;B01;2;1;0;2;7;1;5;
202300018705;155 647 418;B01;3;1;0;2;4;1;5;
202300018707;155 647 417;B01;3;1;0;9;3;19;5;
202300018711;155 647 406;A01;1;1;0;2;8;13;5;
202300018721;155 647 386;A01;2;1;0;2;1;21;5;
202300018728;155 647 373;B01;1;1;0;2;0;21;5;
202300018731;155 647 368;A01;1;1;0;1;0;1;5;
202300018743;155 647 342;B01;2;1;14;2;1;16;5;
202300018746;155 647 343;B01;1;80;0;2;4;15;3;
202300018750;155 647 332;B01;3;1;0;2;8;1;5;
202300018752;155 647 326;A01;3;1;0;2;1;0;5;
202300018788;155 647 264;B01;1;1;0;2;8;2;5;
202300018789;155 647 260;A01;1;1;0;2;8;5;5;
202300018789;155 647 261;B01;1;1;0;2;0;1;5;
202300018816;155 647 206;B01;0;1;0;0;4;2;5;
202300018826;155 647 189;B01;2;1;1;0;1;1;5;
202300018836;155 647 175;A01;1;80;0;2;7;15;3;
202300018858;155 647 136;B01;3;80;0;2;1;1;3;
202300018864;155 647 124;Y01;3;1;0;9;0;23;5;
202300018866;155 647 120;A01;2;80;0;2;8;19;3;
202300018872;155 647 110;A01;1;80;0;2;2;1;3;
202300018874;155 647 107;A01;1;1;14;0;8;21;5;
202300018875;155 647 106;A01;2;1;0;1;2;1;5;
202300018876;155 647 105;A01;3;80;8;2;8;19;3;
202300018882;155 647 095;A01;2;1;0;2;2;19;5;
202300018884;155 647 093;B01;1;1;0;2;1;1;5;
202300018912;155 647 042;A01;0;1;0;2;4;0;5;
202300018927;155 647 013;A01;3;1;0;2;0;13;5;
202300018937;155 646 996;B01;3;1;0;2;8;19;5;
202300018953;155 646 971;A01;3;1;0;0;0;1;5;
202300018953;155 646 972;B01;3;1;0;2;0;1;5;
202300018993;155 646 899;B01;2;1;0;0;4;2;5;
202300019034;155 646 827;A01;1;1;0;0;8;21;5;
202300019053;155 646 790;A01;2;1;0;2;8;15;5;
202300019061;155 646 779;B01;1;1;0;0;2;2;5;
202300019079;155 646 736;A01;1;1;0;0;0;1;5;
202300019087;155 646 722;B01;1;1;0;2;1;1;5;
202300019105;155 646 688;A01;1;1;0;1;1;1;5;
202300019118;155 646 666;B01;2;1;0;2;1;1;5;
202300019122;155 646 661;B01;1;1;0;2;1;1;5;
202300019127;155 646 652;B01;3;1;0;2;0;1;5;
202300019135;155 646 641;B01;2;1;0;2;8;11;5;
202300019149;155 646 613;B01;2;1;0;2;1;17;5;
202300019169;155 646 575;A01;2;1;0;1;4;5;5;
202300019174;155 646 561;A01;1;80;0;1;1;1;3;
202300019189;155 646 535;B01;2;1;9;0;1;1;5;
202300019205;155 646 511;A01;1;1;12;0;8;1;5;
202300019210;155 646 502;A01;2;1;6;0;9;1;5;
202300019245;155 646 444;B01;1;1;0;2;4;1;5;
202300019259;155 646 419;B01;1;1;0;2;6;1;5;
202300019260;155 646 417;B01;1;1;0;2;6;2;5;
202300019273;155 646 394;P01;2;1;0;2;1;18;5;
202300019298;155 646 344;Y01;1;1;0;2;0;3;0;
202300019301;155 646 338;B01;1;1;0;2;0;0;5;
202300019311;155 646 321;B01;3;80;0;2;1;1;3;
202300019313;155 646 312;A01;1;1;0;4;1;1;5;
202300019343;155 646 256;B01;1;1;0;2;6;15;5;
202300019354;155 646 239;A01;3;1;14;0;2;14;5;
202300019355;155 646 238;B01;3;1;0;2;7;1;5;
202300019359;155 646 233;B01;1;1;0;2;1;1;5;
202300019383;155 646 191;B01;1;1;0;2;8;2;5;
202300019388;155 646 182;A01;2;1;0;0;1;0;5;
202300019392;155 646 176;A01;3;1;1;0;1;1;5;
202300019393;155 646 175;B01;1;1;0;2;1;1;5;
202300019402;155 646 158;A01;1;1;8;9;1;1;5;
202300019405;155 646 154;A01;3;1;0;2;1;19;5;
202300019406;155 646 153;A01;1;1;0;0;2;1;5;
202300019443;155 646 087;A01;2;1;0;2;1;19;5;
202300019447;155 646 079;B01;2;1;1;0;1;21;5;
202300019455;155 646 065;B01;2;80;0;2;1;1;3;
202300019456;155 646 060;A01;1;80;12;0;7;14;3;
202300019458;155 646 056;Z01;2;1;0;1;3;1;5;
202300019459;155 646 054;B01;1;1;0;2;0;0;5;
202300019470;155 646 032;A01;1;80;0;0;1;1;3;
202300019504;155 645 971;B01;1;1;0;2;1;2;5;
202300019521;155 645 939;B01;1;1;0;2;7;1;5;
202300019523;155 645 936;A01;1;80;1;0;1;9;3;
202300019526;155 645 931;B01;1;1;0;2;3;1;5;
202300019532;155 645 919;A01;3;1;0;0;1;2;5;
202300019533;155 645 917;B01;3;1;0;2;1;17;5;
202300019536;155 645 909;A01;3;1;0;2;3;13;5;
202300019536;155 645 911;B01;3;1;0;2;3;1;5;
202300019549;155 645 884;A01;2;1;0;2;7;1;5;
202300019549;155 645 886;Z01;0;1;0;2;1;19;5;
202300019551;155 645 881;B01;3;1;0;2;3;1;5;
202300019553;155 645 878;B01;3;1;0;2;1;13;5;
202300019560;155 645 860;B01;1;1;1;0;1;1;5;
202300019568;155 645 849;B01;1;1;0;2;3;15;5;
202300019579;155 645 833;A01;3;1;0;2;0;1;5;
202300019580;155 645 828;A01;0;1;0;2;0;0;5;
202300019580;155 645 830;B01;0;1;0;2;0;0;5;
202300019582;155 645 827;B01;2;1;0;2;1;2;5;
202300019586;155 645 817;A01;2;1;0;2;3;1;5;
202300019588;155 645 816;A01;1;1;0;2;1;1;5;
202300019635;155 645 735;B01;2;1;0;2;8;1;5;
202300019640;155 645 729;B01;2;1;0;2;1;13;5;
202300019644;155 645 724;B01;2;1;0;2;0;23;5;
202300019658;155 645 695;A01;2;1;0;2;1;1;5;
202300019678;155 645 661;A01;2;1;6;0;1;0;5;
202300019680;155 645 658;A01;1;1;6;0;0;21;5;
202300019683;155 645 655;B01;2;1;0;2;1;23;5;
202300019688;155 645 645;B01;1;1;0;2;4;1;5;
202300019688;155 645 648;C01;1;1;0;2;4;1;5;
202300019695;155 645 632;B01;1;1;0;2;7;16;5;
202300019696;155 645 629;B01;1;1;0;2;7;1;5;
202300019704;155 645 611;A01;1;1;0;2;8;19;5;
202300019712;155 645 596;A01;2;1;0;2;1;1;5;
202300019720;155 645 585;B01;1;1;0;2;7;25;5;
202300019766;155 645 506;B01;1;1;0;2;1;1;5;
202300019781;155 645 486;A01;2;1;0;0;1;1;5;
202300019785;155 645 476;B01;1;80;0;0;0;21;3;
202300019793;155 645 463;A01;1;1;0;2;7;19;5;
202300019802;155 645 445;A01;0;1;0;1;1;1;5;
202300019803;155 645 441;A01;3;1;0;2;1;1;5;
202300019808;155 645 437;B01;3;1;0;2;1;2;5;
202300019812;155 645 429;B01;2;1;0;2;1;1;5;
202300019823;155 645 409;B01;1;1;0;2;1;1;5;
202300019836;155 645 384;A01;2;1;0;2;1;13;5;
202300019836;155 645 386;B01;1;80;0;2;1;1;3;
202300019838;155 645 382;B01;2;1;0;2;1;1;5;
202300019846;155 645 368;A01;1;1;0;2;1;7;5;
202300019849;155 645 364;A01;1;80;0;2;7;1;3;
202300019852;155 645 355;B01;1;1;0;2;1;1;5;
202300019855;155 645 350;A01;2;1;0;2;1;1;5;
202300019858;155 645 345;B01;1;1;0;2;7;1;5;
202300019864;155 645 335;B01;1;1;0;2;1;1;5;
202300019891;155 645 282;B01;1;80;1;0;1;1;3;
202300019894;155 645 276;A01;1;1;0;1;1;5;5;
202300019897;155 645 273;B01;1;1;0;0;0;17;5;
202300019904;155 645 262;B01;1;80;0;2;1;1;3;
202300019913;155 645 245;B01;2;1;0;2;1;26;5;
202300019921;155 645 231;B01;1;1;0;2;6;1;5;
202300019922;155 645 228;A01;2;1;0;0;1;1;5;
202300019937;155 645 207;A01;2;1;0;1;3;1;5;
202300019939;155 645 203;A01;2;1;0;1;1;7;5;
202300019942;155 645 198;A01;2;1;0;2;1;1;5;
202300019942;155 645 201;B01;2;1;0;0;0;18;5;
202300019945;155 645 194;A01;1;1;0;0;1;21;5;
202300019948;155 645 189;A01;1;1;8;0;1;21;5;
202300019953;155 645 182;B01;2;1;0;2;7;1;5;
202300019959;155 645 172;A01;3;1;0;2;7;1;5;
202300019966;155 645 159;B01;2;1;0;2;2;1;5;
202300019973;155 645 145;A01;2;1;0;1;1;1;5;
202300019982;155 645 130;A01;1;1;0;0;1;21;5;
202300019983;155 645 129;B01;1;1;0;2;8;1;5;
202300019995;155 645 104;B01;2;1;0;2;1;1;5;
202300019999;155 645 098;A01;3;1;0;1;1;1;5;
202300020001;155 645 093;B01;1;1;0;2;1;19;5;
202300020003;155 645 090;A01;1;1;0;2;3;9;5;
202300020014;155 645 076;B01;2;1;0;2;4;12;5;
202300020024;155 645 055;B01;2;1;0;2;1;1;5;
202300020033;155 645 035;B01;1;1;0;0;4;11;5;
202300020053;155 645 000;B01;1;1;0;2;3;2;5;
202300020063;155 644 980;B01;3;1;0;2;8;16;5;
202300020064;155 644 979;B01;0;1;0;2;4;1;5;
202300020105;155 644 902;A01;1;1;0;2;1;1;5;
202300020160;155 644 806;A01;1;1;0;2;8;15;5;
202300020177;155 644 778;B01;1;1;0;2;6;2;5;
202300020196;155 644 744;B01;2;1;0;2;1;1;5;
202300020217;155 644 708;A01;1;1;0;2;3;13;5;
202300020224;155 644 692;B01;0;1;0;2;7;1;5;
202300020271;155 644 600;B01;2;1;0;2;7;1;5;
202300020328;155 644 496;B01;3;1;0;2;1;1;5;
202300020352;155 644 455;B01;1;1;1;0;1;1;5;
202300020355;155 644 450;B01;3;1;0;2;1;1;5;
202300020358;155 644 446;B01;2;1;0;2;2;1;5;
202300020390;155 644 392;B01;0;1;0;2;8;26;5;
202300020409;155 644 362;B01;0;1;0;4;0;0;5;
202300020415;155 644 354;A01;1;1;2;0;0;1;5;
202300020422;155 644 339;A01;1;80;0;2;1;19;3;