Num_Acc;id_vehicule;num_veh;senc;catv;obs;obsm;choc;manv;motor;occutc
202300020424;155 644 333;B01;1;1;0;2;4;2;5;
202300020431;155 644 322;B01;1;1;0;2;1;1;5;
202300020431;155 644 324;A01;1;1;14;2;1;1;5;
202300020442;155 644 306;A01;2;80;0;0;1;1;3;
202300020463;155 644 269;B01;2;1;0;2;4;15;5;
202300020472;155 644 252;B01;0;80;0;2;1;25;3;
202300020476;155 644 245;A01;3;1;0;0;0;23;5;
202300020478;155 644 244;B01;3;1;0;2;0;0;5;
202300020484;155 644 234;A01;3;80;0;1;1;1;3;
202300020492;155 644 217;B01;1;1;0;2;2;2;5;
202300020507;155 644 189;B01;2;1;0;2;1;5;5;
202300020509;155 644 187;B01;2;1;0;2;8;21;5;
202300020519;155 644 171;A01;1;1;0;2;1;1;5;
202300020529;155 644 150;B01;2;1;0;2;1;1;5;
202300020538;155 644 134;B01;1;1;0;2;1;1;5;
202300020541;155 644 131;B01;3;1;0;2;8;1;5;
202300020547;155 644 120;B01;2;1;0;2;1;1;5;
202300020552;155 644 111;B01;2;1;0;2;1;15;5;
202300020552;155 644 116;A01;2;1;0;2;1;25;5;
202300020554;155 644 106;B01;3;1;0;2;4;2;5;
202300020556;155 644 104;B01;3;1;0;2;0;0;5;
202300020561;155 644 094;B01;1;1;0;2;0;0;5;
202300020567;155 644 087;A01;2;80;0;2;1;19;3;
202300020573;155 644 076;A01;2;1;0;2;1;21;5;
202300020574;155 644 072;A01;1;1;0;2;9;0;5;
202300020578;155 644 067;B01;3;1;0;2;1;1;5;
202300020603;155 644 025;B01;2;1;0;2;1;1;5;
202300020606;155 644 013;B01;3;1;0;2;0;0;5;
202300020621;155 643 985;A01;1;1;0;0;0;16;5;
202300020627;155 643 971;A01;3;1;0;2;1;0;5;
202300020644;155 643 939;Z01;2;1;0;2;3;11;5;
202300020647;155 643 931;B01;2;1;0;2;1;1;5;
202300020656;155 643 914;B01;3;1;0;2;7;0;5;
202300020663;155 643 901;A01;2;1;0;2;1;5;5;
202300020677;155 643 883;A01;1;1;0;0;1;0;5;
202300020682;155 643 880;B01;0;1;0;2;1;16;5;
202300020714;155 643 815;A01;1;1;0;2;1;1;5;
202300020716;155 643 812;A01;3;1;0;2;1;2;5;
202300020717;155 643 807;A01;2;1;0;0;3;0;5;
202300020718;155 643 808;A01;1;1;14;0;7;14;5;
202300020736;155 643 782;A01;2;1;0;1;1;1;5;
202300020747;155 643 759;B01;2;1;0;2;2;1;5;
202300020756;155 643 743;B01;0;80;0;0;8;19;3;
202300020766;155 643 724;A01;1;1;0;0;0;1;5;
202300020796;155 643 676;B01;2;1;0;2;0;1;5;
202300020798;155 643 673;A01;1;1;0;1;1;1;5;
202300020834;155 643 619;A01;1;1;6;0;1;1;5;
202300020842;155 643 611;B01;3;1;0;2;7;1;5;
202300020865;155 643 567;B01;2;1;0;2;5;1;5;
202300020870;155 643 557;Y01;1;1;0;2;8;19;5;
202300020872;155 643 551;B01;3;1;0;2;8;19;5;
202300020876;155 643 545;B01;2;1;0;2;1;1;5;
202300020883;155 643 528;A01;3;80;0;2;3;1;3;
202300020905;155 643 490;A01;1;1;0;2;1;5;5;
202300020908;155 643 485;A01;1;1;0;9;7;2;5;
202300020908;155 643 487;B01;1;1;0;9;8;2;5;
202300020940;155 643 426;B01;1;1;0;0;0;0;5;
202300020955;155 643 395;B01;1;1;0;2;3;1;5;
202300020959;155 643 388;B01;3;1;0;2;1;1;5;
202300020961;155 643 385;B01;3;1;0;2;8;19;5;
202300020976;155 643 359;B01;3;1;0;2;1;1;0;
202300020997;155 643 330;B01;1;1;0;2;1;1;5;
202300021002;155 643 321;B01;1;1;0;2;0;1;5;
202300021003;155 643 317;B01;2;1;0;2;1;0;5;
202300021009;155 643 306;B01;2;1;0;2;3;25;5;
202300021009;155 643 309;A01;1;80;0;2;2;25;3;
202300021013;155 643 301;A01;1;1;0;5;1;1;5;
202300021028;155 643 276;B01;1;1;0;2;5;1;5;
202300021035;155 643 264;B01;2;1;0;2;1;1;5;
202300021038;155 643 258;B01;3;1;0;2;1;1;5;
202300021074;155 643 191;A01;2;1;0;2;3;19;5;
202300021084;155 643 172;B01;1;1;0;2;7;19;5;
202300021086;155 643 166;B01;1;1;0;2;8;19;5;
202300021088;155 643 162;B01;2;1;12;2;4;1;5;
202300021092;155 643 159;A01;2;1;0;1;1;1;5;
202300021111;155 643 130;A01;2;1;14;0;8;23;5;
202300021113;155 643 127;B01;0;1;0;2;0;0;5;
202300021132;155 643 093;A01;1;1;0;2;4;1;5;
202300021144;155 643 076;B01;2;1;0;0;8;2;5;
202300021148;155 643 068;B01;2;1;0;0;4;1;5;
202300021178;155 643 021;A01;2;1;0;2;1;1;5;
202300021179;155 643 020;B01;2;1;0;2;4;2;5;
202300021180;155 643 013;A01;1;1;0;0;4;1;5;
202300021207;155 642 966;B01;2;1;0;2;7;19;5;
202300021225;155 642 927;B01;2;1;0;2;1;1;5;
202300021242;155 642 898;B01;-1;1;0;0;8;2;5;
202300021242;155 642 899;C01;-1;1;0;0;8;2;5;
202300021247;155 642 888;B01;1;1;0;2;4;2;5;
202300021258;155 642 875;A01;1;1;13;0;4;0;5;
202300021260;155 642 873;B01;3;1;0;2;1;16;5;
202300021265;155 642 863;A01;1;1;0;0;0;0;5;
202300021272;155 642 851;B01;2;1;0;2;4;2;5;
202300021273;155 642 850;B01;1;80;0;0;4;1;3;
202300021287;155 642 825;B01;0;1;0;2;7;1;5;
202300021340;155 642 707;A01;1;1;0;2;1;1;5;
202300021341;155 642 708;A01;0;1;0;0;0;16;5;
202300021359;155 642 670;A01;3;1;0;2;1;1;5;
202300021362;155 642 665;B01;2;1;0;2;1;1;5;
202300021367;155 642 658;B01;2;1;0;2;1;5;5;
202300021385;155 642 629;A01;3;1;0;2;1;1;5;
202300021390;155 642 622;B01;2;1;0;2;1;0;5;
202300021394;155 642 616;B01;3;1;0;2;8;1;5;
202300021406;155 642 594;B01;0;1;0;2;1;15;5;
202300021431;155 642 549;B01;0;1;0;0;4;0;5;
202300021449;155 642 514;A01;1;1;0;2;1;9;5;
202300021464;155 642 487;B01;1;1;0;2;8;2;5;
202300021480;155 642 460;Y01;2;1;0;0;0;1;5;
202300021483;155 642 456;B01;2;1;0;2;8;1;5;
202300021515;155 642 397;A01;3;80;6;0;1;1;3;
202300021536;155 642 362;B01;3;1;0;2;1;0;5;
202300021551;155 642 336;B01;3;1;0;2;1;5;5;
202300021556;155 642 325;A01;1;1;0;2;1;1;5;
202300021558;155 642 322;B01;3;1;0;2;8;1;5;
202300021559;155 642 320;B01;1;1;0;2;8;2;5;
202300021570;155 642 300;A01;2;1;0;2;7;17;5;
202300021571;155 642 299;B01;2;1;0;2;1;1;5;
202300021594;155 642 255;A01;1;1;0;0;0;21;5;
202300021596;155 642 250;A01;1;1;0;2;8;15;5;
202300021598;155 642 247;A01;3;1;0;2;1;1;5;
202300021598;155 642 248;B01;3;1;0;2;4;1;5;
202300021600;155 642 243;A01;1;1;0;2;7;1;5;
202300021602;155 642 241;B01;3;1;0;2;1;15;5;
202300021606;155 642 235;B01;1;1;0;2;1;1;5;
202300021607;155 642 232;A01;2;1;0;1;1;1;5;
202300021610;155 642 226;A01;1;1;12;2;7;17;5;
202300021610;155 642 227;B01;1;1;12;2;8;1;5;
202300021618;155 642 213;A01;2;80;8;0;1;14;3;
202300021619;155 642 212;A01;0;1;0;0;0;16;5;
202300021621;155 642 211;A01;1;1;0;0;0;1;5;
202300021624;155 642 204;B01;3;1;0;2;1;2;5;
202300021624;155 642 205;A01;3;1;0;2;4;2;5;
202300021624;155 642 206;C01;3;1;0;2;1;2;5;
202300021628;155 642 196;B01;1;1;0;2;3;1;5;
202300021631;155 642 191;A01;1;1;0;1;1;2;5;
202300021635;155 642 184;A01;2;1;0;0;0;21;5;
202300021637;155 642 182;B01;1;1;0;2;5;14;5;
202300021640;155 642 178;B01;3;1;0;2;5;16;5;
202300021658;155 642 145;B01;1;1;0;0;4;1;5;
202300021664;155 642 136;B01;1;80;0;0;4;2;3;
202300021673;155 642 119;A01;1;1;0;0;0;1;5;
202300021701;155 642 079;B01;0;1;0;2;1;19;5;
202300021706;155 642 071;A01;0;1;0;0;1;0;5;
202300021707;155 642 070;B01;2;1;0;2;1;1;5;
202300021741;155 642 011;A01;0;80;0;0;0;0;3;
202300021743;155 642 008;A01;2;1;0;2;8;10;5;
202300021749;155 642 000;A01;1;80;6;0;1;1;3;
202300021768;155 641 971;B01;0;1;0;2;7;1;5;
202300021771;155 641 965;B01;2;1;0;0;8;15;5;
202300021772;155 641 962;A01;3;1;0;0;0;0;5;
202300021779;155 641 952;B01;3;1;0;2;1;1;5;
202300021790;155 641 922;B01;2;1;0;2;0;1;5;
202300021805;155 641 895;A01;2;80;0;0;1;21;3;
202300021807;155 641 891;A01;1;1;0;0;1;1;5;
202300021810;155 641 887;B01;3;1;0;2;1;1;5;
202300021812;155 641 882;A01;1;80;0;2;2;17;3;
202300021812;155 641 884;B01;1;80;0;2;6;21;3;
202300021852;155 641 819;A01;1;1;1;0;1;2;5;
202300021853;155 641 817;B01;1;1;0;2;1;1;0;
202300021889;155 641 752;B01;3;80;0;2;8;2;3;
202300021896;155 641 740;B01;3;1;0;2;8;2;-1;
202300021921;155 641 699;B01;3;1;0;2;8;0;5;
202300021938;155 641 670;A01;1;1;0;2;1;2;5;
202300021942;155 641 663;B01;3;1;0;2;5;16;5;
202300021944;155 641 660;B01;1;80;0;2;3;19;3;
202300021947;155 641 658;B01;2;1;0;2;3;2;5;
202300021969;155 641 618;A01;1;1;0;2;1;1;5;
202300021980;155 641 597;B01;1;1;0;2;8;15;5;
202300021991;155 641 577;B01;3;1;1;0;1;26;5;
202300022001;155 641 554;B01;0;1;0;2;7;1;5;
202300022015;155 641 535;B01;3;1;0;2;7;19;5;
202300022024;155 641 516;B01;1;1;0;2;7;1;5;
202300022031;155 641 500;A01;3;1;0;9;8;1;5;
202300022066;155 641 441;B01;0;1;0;2;1;19;5;
202300022074;155 641 427;B01;1;1;0;2;0;0;5;
202300022075;155 641 423;A01;2;1;0;0;0;3;5;
202300022076;155 641 422;A01;3;1;0;2;1;1;5;
202300022081;155 641 412;A01;1;1;0;2;2;15;5;
202300022082;155 641 406;A01;3;80;0;2;1;19;3;
202300022087;155 641 403;B01;1;80;0;2;1;13;3;
202300022090;155 641 394;A01;1;1;0;2;1;17;5;
202300022098;155 641 384;B01;3;1;0;2;7;19;5;
202300022102;155 641 372;A01;2;1;0;2;1;5;5;
202300022109;155 641 358;A01;3;1;14;0;1;1;5;
202300022114;155 641 347;A01;1;1;0;2;8;13;5;
202300022117;155 641 344;A01;3;1;0;2;1;1;5;
202300022117;155 641 348;B01;3;1;0;2;1;13;5;
202300022120;155 641 338;A01;1;1;0;0;2;2;5;
202300022123;155 641 336;B01;0;80;0;2;1;0;3;
202300022125;155 641 329;B01;0;1;0;2;1;13;5;
202300022131;155 641 320;A01;1;1;0;1;1;1;5;
202300022140;155 641 308;B01;3;1;0;2;1;19;5;
202300022147;155 641 298;B01;3;1;0;2;8;1;5;
202300022185;155 641 232;B01;2;1;0;2;0;0;5;
202300022199;155 641 206;B01;2;1;0;0;0;1;5;
202300022200;155 641 201;A01;2;1;0;2;1;1;5;
202300022205;155 641 195;B01;1;1;0;2;1;1;5;
202300022207;155 641 190;A01;1;1;12;0;1;13;5;
202300022217;155 641 168;B01;2;1;0;2;1;1;5;
202300022252;155 641 106;B01;3;1;0;0;8;25;5;
202300022259;155 641 096;B01;1;1;0;2;4;0;5;
202300022261;155 641 089;A01;2;1;0;0;1;1;5;
202300022265;155 641 084;B01;1;1;0;2;7;1;5;
202300022265;155 641 085;A01;1;80;0;2;8;18;3;
202300022268;155 641 078;Z01;1;1;0;1;1;1;5;
202300022271;155 641 071;B01;1;1;0;2;3;1;5;
202300022278;155 641 063;A01;1;80;0;2;2;1;3;
202300022280;155 641 058;A01;1;1;0;0;1;21;5;
202300022282;155 641 057;A01;1;1;0;1;1;1;5;
202300022284;155 641 055;B01;1;1;0;2;1;1;5;
202300022303;155 641 024;B01;2;80;0;0;4;1;3;
202300022356;155 640 931;B01;3;1;0;2;1;1;5;
202300022386;155 640 874;A01;2;1;0;2;2;14;5;
202300022389;155 640 867;A01;3;1;0;0;0;0;5;
202300022415;155 640 823;B01;1;1;0;2;5;1;5;
202300022428;155 640 800;B01;3;1;0;2;7;19;5;
202300022448;155 640 766;B01;1;1;0;2;8;2;5;
202300022457;155 640 748;B01;1;1;0;2;8;18;5;
202300022460;155 640 744;B01;1;1;0;2;0;2;5;
202300022468;155 640 728;B01;2;1;0;2;8;1;5;
202300022471;155 640 723;B01;1;1;0;2;1;1;5;
202300022473;155 640 718;A01;2;1;0;1;1;1;5;
202300022487;155 640 698;B01;1;1;0;2;8;1;5;
202300022488;155 640 693;B01;1;1;0;2;8;1;5;
202300022492;155 640 688;A01;1;80;0;1;1;1;3;
202300022496;155 640 686;B01;2;1;0;2;1;1;5;
202300022499;155 640 675;A01;3;1;0;1;1;1;5;
202300022529;155 640 621;B01;1;80;1;0;1;1;3;
202300022537;155 640 607;B01;2;1;0;2;8;1;5;
202300022538;155 640 608;B01;2;1;0;2;2;2;5;
202300022578;155 640 545;B01;2;1;0;2;0;0;0;
202300022602;155 640 504;A01;3;80;0;2;1;1;3;
202300022608;155 640 493;A01;1;1;0;0;0;1;5;
202300022617;155 640 480;B01;1;1;0;2;1;1;5;
202300022627;155 640 463;Z01;3;1;0;1;1;1;5;
202300022652;155 640 419;A01;2;1;0;1;1;1;5;
202300022657;155 640 414;A01;2;1;1;0;1;1;5;
202300022686;155 640 357;A01;1;1;0;1;1;2;5;
202300022688;155 640 354;A01;0;1;0;1;1;0;5;
202300022690;155 640 355;B01;3;1;0;2;8;19;5;
202300022723;155 640 296;B01;1;1;0;2;3;1;5;
202300022750;155 640 253;B01;1;1;0;2;2;0;5;
202300022765;155 640 230;A01;2;1;0;2;2;19;5;
202300022777;155 640 206;B01;1;1;0;2;1;19;5;
202300022787;155 640 186;B01;3;1;0;2;7;1;5;
202300022794;155 640 176;B01;3;1;1;0;1;1;5;
202300022811;155 640 149;B01;3;1;0;2;1;26;5;
202300022817;155 640 138;B01;3;1;0;2;0;1;5;
202300022820;155 640 133;Y01;3;1;0;2;4;5;5;
202300022821;155 640 129;B01;1;1;0;2;0;1;5;
202300022824;155 640 124;A01;3;1;0;2;8;17;5;
202300022834;155 640 109;B01;1;1;0;2;8;5;5;
202300022841;155 640 096;B01;1;1;0;2;1;9;5;
202300022844;155 640 092;B01;1;1;0;2;8;26;5;
202300022853;155 640 076;B01;0;80;0;0;1;19;3;
202300022857;155 640 070;B01;1;1;0;2;1;1;5;
202300022872;155 640 042;B01;2;1;0;2;1;2;5;
202300022885;155 640 021;A01;3;1;0;2;2;15;5;
202300022886;155 640 018;B01;3;1;0;2;8;1;5;
202300022891;155 640 011;A01;3;80;0;1;1;1;3;
202300022893;155 640 006;A01;1;1;0;1;1;1;5;
202300022895;155 640 000;B01;0;1;0;2;1;1;5;
202300022897;155 640 001;B01;1;1;0;2;1;1;5;
202300022900;155 639 992;A01;1;1;0;2;1;0;5;
202300022907;155 639 983;B01;1;1;0;2;1;1;5;
202300022913;155 639 976;B01;2;80;0;2;1;13;3;
202300022913;155 639 977;A01;1;80;0;2;1;1;3;
202300022923;155 639 959;A01;2;1;0;1;1;1;5;
202300022944;155 639 923;B01;1;80;0;0;8;2;3;
202300022945;155 639 920;B01;0;1;0;2;1;2;5;
202300022951;155 639 908;A01;1;1;0;1;1;2;5;
202300022957;155 639 896;B01;1;1;0;0;0;1;5;
202300022960;155 639 887;B01;3;1;0;2;8;6;5;
202300022962;155 639 883;A01;3;1;0;2;1;5;5;
202300022962;155 639 884;B01;3;1;0;2;1;1;5;
202300022972;155 639 864;B01;2;80;0;2;1;1;3;
202300022987;155 639 835;B01;2;1;0;2;7;18;5;
202300022991;155 639 828;A01;0;80;12;0;1;13;3;
202300023006;155 639 805;A01;1;1;0;5;8;1;5;
202300023021;155 639 780;B01;3;80;0;2;1;19;3;
202300023027;155 639 767;A01;3;1;0;2;5;15;5;
202300023035;155 639 750;B01;1;1;0;2;3;26;5;
202300023046;155 639 727;A01;2;1;0;0;0;1;5;
202300023051;155 639 721;B01;1;1;0;0;4;2;5;
202300023052;155 639 718;B01;1;1;0;2;1;1;5;
202300023059;155 639 706;A01;2;1;0;0;0;1;5;
202300023060;155 639 705;A01;2;1;0;2;1;2;5;
202300023063;155 639 698;A01;3;1;0;2;1;5;5;
202300023080;155 639 669;B01;3;1;0;0;8;19;5;
202300023160;155 639 528;B01;3;1;0;0;0;1;5;
202300023162;155 639 525;A01;3;1;0;1;1;1;5;
202300023168;155 639 514;A01;2;80;0;0;1;1;3;
202300023172;155 639 508;B01;2;1;0;2;4;15;5;
202300023203;155 639 447;A01;3;1;0;1;1;21;5;
202300023220;155 639 414;A01;3;1;0;2;1;15;5;
202300023221;155 639 413;Z01;0;1;0;2;1;1;5;
202300023225;155 639 408;A01;1;1;0;2;3;15;5;
202300023233;155 639 394;B01;3;1;0;2;1;1;5;
202300023234;155 639 393;B01;1;1;0;2;8;1;5;
202300023237;155 639 385;B01;2;80;1;0;7;25;3;
202300023251;155 639 364;A01;2;1;0;2;1;5;5;
202300023253;155 639 361;A01;3;1;0;2;4;1;5;
202300023255;155 639 359;B01;3;1;9;0;4;15;5;
202300023273;155 639 321;B01;1;1;0;2;7;1;5;
202300023275;155 639 318;B01;1;1;0;2;4;13;5;
202300023302;155 639 275;A01;3;1;0;2;7;17;5;
202300023302;155 639 277;B01;3;1;0;2;8;1;5;
202300023306;155 639 267;B01;1;1;0;2;0;10;5;
202300023352;155 639 198;B01;3;1;0;2;1;5;5;
202300023353;155 639 196;B01;0;1;0;0;0;25;5;
202300023354;155 639 195;A01;3;1;0;0;1;1;5;
202300023366;155 639 170;B01;1;80;0;0;2;26;3;
202300023409;155 639 093;B01;1;1;0;2;1;15;5;
202300023425;155 639 060;A01;3;1;0;2;1;19;5;
202300023426;155 639 055;B01;3;1;0;2;1;1;5;
202300023428;155 639 053;A01;1;80;0;2;1;19;3;
202300023446;155 639 020;A01;3;1;0;2;1;5;5;
202300023450;155 639 011;A01;1;1;0;2;4;1;5;
202300023465;155 638 986;A01;3;1;0;2;6;19;5;
202300023470;155 638 975;A01;1;1;0;2;1;1;5;
202300023473;155 638 970;A01;1;1;0;2;1;19;5;
202300023481;155 638 952;A01;2;80;16;0;0;1;3;
202300023482;155 638 953;B01;1;1;0;2;1;1;5;
202300023499;155 638 924;B01;2;1;0;2;1;1;5;
202300023505;155 638 911;A01;3;1;0;2;1;25;5;
202300023509;155 638 905;B01;1;1;1;0;2;1;5;
202300023516;155 638 893;B01;3;80;0;0;1;1;3;
202300023522;155 638 884;B01;2;1;1;0;1;1;5;
202300023541;155 638 854;B01;3;1;0;2;1;13;5;
202300023543;155 638 849;A01;2;1;8;0;9;1;5;
202300023555;155 638 831;A01;3;1;0;4;2;0;5;
202300023567;155 638 804;B01;1;1;0;2;8;15;5;
202300023570;155 638 800;B01;0;1;0;2;7;1;5;
202300023628;155 638 677;A01;2;1;0;2;4;15;5;
202300023638;155 638 662;B01;2;1;0;2;7;1;5;
202300023646;155 638 650;B01;2;1;0;2;3;1;5;
202300023685;155 638 580;B01;1;1;0;2;1;1;5;
202300023692;155 638 569;B01;1;1;0;0;2;1;5;
202300023699;155 638 553;A01;1;1;0;2;3;15;5;
202300023702;155 638 546;B01;1;1;1;2;2;1;5;
202300023704;155 638 543;Y01;1;1;0;2;1;5;5;
202300023705;155 638 542;B01;2;1;0;2;1;1;5;
202300023709;155 638 532;B01;2;1;0;2;7;1;5;
202300023709;155 638 534;A01;2;1;0;2;8;18;5;
202300023711;155 638 529;A01;1;1;0;2;1;13;5;
202300023714;155 638 526;A01;1;1;0;0;6;17;5;
202300023714;155 638 527;B01;1;1;0;0;2;17;5;
202300023720;155 638 512;A01;1;1;0;2;5;1;5;
202300023736;155 638 481;A01;1;1;0;1;1;3;5;
202300023737;155 638 484;A01;1;80;16;1;1;19;3;
202300023740;155 638 478;A01;1;1;0;1;1;1;5;
202300023751;155 638 458;A01;2;1;0;1;1;1;5;
202300023758;155 638 449;A01;2;1;0;2;1;1;5;
202300023765;155 638 436;A01;0;80;0;2;1;19;3;
202300023778;155 638 414;B01;2;1;0;2;1;1;5;
202300023784;155 638 407;B01;3;80;0;2;3;1;3;
202300023792;155 638 393;B01;2;1;0;0;8;2;5;
202300023795;155 638 385;A01;1;1;0;0;0;0;5;
202300023804;155 638 372;A01;3;1;0;2;1;0;5;
202300023823;155 638 334;B01;2;1;0;2;8;19;5;
202300023837;155 638 311;B01;3;1;0;2;4;2;5;
202300023840;155 638 306;B01;1;1;0;2;1;1;5;
202300023845;155 638 300;B01;2;1;0;2;8;1;5;
202300023854;155 638 282;B01;3;1;0;2;1;1;5;
202300023857;155 638 280;B01;0;80;0;2;1;1;3;
202300023871;155 638 254;B01;2;1;0;0;1;19;5;
202300023873;155 638 252;B01;3;1;0;2;7;19;5;
202300023888;155 638 233;A01;1;1;0;2;7;19;5;
202300023894;155 638 225;B01;2;1;0;2;7;0;5;
202300023916;155 638 188;B01;1;1;0;2;1;1;5;
202300023922;155 638 174;A01;2;1;0;2;7;14;5;
202300023957;155 638 119;B01;3;1;0;2;4;11;5;
202300023960;155 638 112;B01;2;1;0;2;1;1;5;
202300023970;155 638 092;B01;1;1;13;0;4;2;5;
202300023988;155 638 066;A01;1;1;0;2;0;9;5;
202300024015;155 638 019;A01;2;1;0;2;1;15;5;
202300024030;155 637 991;B01;1;1;0;2;3;1;5;
202300024031;155 637 987;B01;3;80;0;2;4;1;3;
202300024039;155 637 973;B01;2;1;0;2;1;0;5;
202300024067;155 637 919;B01;1;1;0;2;2;1;5;
202300024070;155 637 909;A01;2;1;0;2;1;16;5;
202300024080;155 637 896;B01;1;80;0;2;3;5;3;
202300024087;155 637 886;B01;1;1;0;2;7;1;5;
202300024093;155 637 863;B01;2;1;0;2;8;13;5;
202300024096;155 637 862;A01;3;1;2;0;1;0;5;
202300024096;155 637 866;B01;3;1;2;0;1;0;5;
202300024107;155 637 846;A01;1;1;0;2;8;18;5;
202300024119;155 637 823;B01;1;80;0;2;8;1;3;
202300024128;155 637 809;B01;3;1;0;2;1;1;5;
202300024130;155 637 802;A01;3;1;0;2;7;1;5;
202300024133;155 637 797;A01;2;1;0;2;1;1;5;
202300024134;155 637 796;A01;3;80;0;0;0;21;3;
202300024146;155 637 777;B01;1;1;0;2;1;1;5;
202300024170;155 637 740;B01;3;1;0;2;1;1;5;
202300024172;155 637 732;B01;1;1;0;2;0;1;5;
202300024187;155 637 712;B01;2;1;0;2;8;1;5;
202300024189;155 637 711;B01;3;1;0;2;1;21;5;
202300024222;155 637 657;B01;1;1;0;2;1;19;5;
202300024234;155 637 635;B01;1;1;0;2;7;1;5;
202300024250;155 637 606;B01;2;1;0;2;7;2;5;
202300024273;155 637 566;B01;2;1;0;2;1;1;5;
202300024275;155 637 570;B01;1;1;0;2;7;2;5;
202300024280;155 637 559;B01;2;1;0;2;1;1;5;
202300024298;155 637 530;A01;2;1;13;0;0;1;5;
202300024335;155 637 474;B01;1;1;0;2;3;1;5;
202300024347;155 637 447;A01;3;80;0;0;0;0;3;
202300024355;155 637 436;B01;1;1;0;2;4;0;5;
202300024385;155 637 385;B01;2;1;0;2;6;1;5;
202300024389;155 637 379;B01;2;1;0;0;4;0;5;
202300024391;155 637 373;B01;1;1;0;2;1;1;5;
202300024411;155 637 335;A01;2;1;0;0;0;23;5;
202300024445;155 637 280;A01;1;1;0;0;0;21;5;
202300024460;155 637 255;B01;3;1;0;2;2;1;5;
202300024467;155 637 236;B01;2;1;0;2;6;2;5;
202300024467;155 637 238;C01;2;1;0;2;5;2;5;
202300024493;155 637 189;A01;1;1;0;2;7;1;5;
202300024500;155 637 177;B01;1;1;0;2;1;11;5;
202300024527;155 637 116;A01;3;1;0;1;1;1;5;
202300024537;155 637 097;B01;2;1;0;2;7;1;5;
202300024539;155 637 100;B01;2;1;0;2;1;1;5;
202300024545;155 637 084;B01;1;1;0;2;3;23;0;
202300024549;155 637 077;B01;3;1;0;2;1;1;5;
202300024554;155 637 065;A01;0;1;0;0;0;0;5;
202300024577;155 637 034;B01;2;1;0;2;2;1;5;
202300024588;155 637 002;C01;2;1;0;2;1;1;5;
202300024591;155 636 995;B01;1;1;0;2;8;13;5;
202300024608;155 636 967;B01;1;1;0;2;1;1;5;
202300024609;155 636 966;B01;2;1;0;2;1;1;5;
202300024612;155 636 958;B01;2;1;0;2;8;1;5;
202300024627;155 636 933;Z01;2;1;0;1;1;1;5;
202300024634;155 636 920;Z01;1;1;0;2;4;1;5;
202300024640;155 636 910;A01;1;1;0;2;4;9;5;
202300024649;155 636 896;B01;2;1;0;0;0;18;5;
202300024651;155 636 891;A01;1;1;12;0;1;25;5;
202300024655;155 636 885;B01;0;1;1;0;7;2;5;
202300024658;155 636 882;B01;1;1;0;2;1;17;5;
202300024662;155 636 876;A01;1;80;12;0;0;20;3;
202300024674;155 636 856;A01;3;1;0;2;1;19;5;
202300024675;155 636 853;B01;2;1;0;2;4;1;5;
202300024680;155 636 843;B01;3;1;0;2;2;1;5;
202300024689;155 636 830;B01;1;1;0;2;0;0;5;
202300024729;155 636 758;B01;3;1;0;2;8;11;5;
202300024749;155 636 727;B01;1;1;0;2;2;1;5;
202300024751;155 636 721;A01;2;1;15;0;1;25;5;
202300024768;155 636 697;B01;2;1;0;2;8;1;5;
202300024771;155 636 693;B01;3;1;0;2;0;0;5;
202300024771;155 636 695;A01;3;1;0;2;0;0;5;
202300024776;155 636 686;B01;2;1;0;2;8;1;5;
202300024786;155 636 668;B01;3;1;0;2;1;1;5;
202300024794;155 636 650;C01;1;1;0;2;1;1;5;
202300024799;155 636 644;B01;2;1;0;2;1;1;5;
202300024820;155 636 610;B01;2;1;0;2;8;1;5;
202300024827;155 636 600;A01;3;1;0;0;8;2;5;
202300024837;155 636 586;B01;2;1;0;2;6;1;5;