Num_Acc;id_vehicule;num_veh;senc;catv;obs;obsm;choc;manv;motor;occutc
202300024841;155 636 576;B01;3;1;0;2;7;1;5;
202300024851;155 636 560;B01;2;1;0;2;0;1;5;
202300024858;155 636 548;A01;1;1;0;2;3;13;5;
202300024862;155 636 545;B01;2;1;0;2;1;26;5;
202300024865;155 636 538;B01;2;1;0;2;1;1;5;
202300024874;155 636 515;A01;3;1;0;0;0;0;5;
202300024888;155 636 488;A01;3;1;0;2;7;1;5;
202300024898;155 636 474;B01;2;1;0;2;3;1;5;
202300024902;155 636 468;B01;2;1;0;2;8;9;5;
202300024919;155 636 439;B01;1;1;13;0;6;13;5;
202300024929;155 636 416;B01;3;1;0;2;1;0;0;
202300024946;155 636 378;A01;2;1;0;2;8;13;5;
202300024956;155 636 361;A01;1;1;0;2;4;2;5;
202300024992;155 636 290;B01;1;1;12;2;1;21;5;
202300024994;155 636 287;B01;1;1;0;2;1;17;5;
202300024996;155 636 283;B01;3;1;0;2;4;1;5;
202300025020;155 636 248;B01;3;1;0;2;1;1;5;
202300025032;155 636 229;B01;3;1;0;2;0;1;5;
202300025033;155 636 227;B01;3;1;0;2;7;9;5;
202300025042;155 636 206;B01;0;1;0;2;1;1;5;
202300025047;155 636 196;B01;1;1;0;2;8;1;5;
202300025059;155 636 174;B01;0;1;0;2;0;0;5;
202300025065;155 636 165;B01;1;1;0;2;1;19;5;
202300025068;155 636 161;B01;2;80;0;2;8;11;3;
202300025071;155 636 154;B01;1;1;0;2;1;1;5;
202300025072;155 636 153;B01;3;80;0;2;1;1;3;
202300025075;155 636 148;B01;3;1;0;2;3;19;5;
202300025083;155 636 135;B01;0;1;0;2;1;2;5;
202300025107;155 636 094;B01;1;1;0;2;1;19;5;
202300025117;155 636 079;B01;2;1;0;2;1;26;5;
202300025118;155 636 078;A01;1;1;0;0;1;0;5;
202300025122;155 636 073;C01;1;1;0;2;8;1;5;
202300025150;155 636 018;A01;2;1;0;2;1;1;5;
202300025157;155 636 005;B01;2;1;0;2;0;1;5;
202300025173;155 635 976;B01;1;1;0;2;1;1;5;
202300025177;155 635 968;Y01;2;1;0;2;1;1;5;
202300025180;155 635 962;A01;2;1;0;0;0;26;5;
202300025191;155 635 941;B01;1;1;0;0;8;16;5;
202300025215;155 635 903;B01;1;1;0;2;1;1;5;
202300025216;155 635 900;A01;1;1;0;2;1;13;5;
202300025216;155 635 902;B01;1;1;0;2;1;1;5;
202300025228;155 635 883;B01;1;80;1;0;1;1;3;
202300025231;155 635 880;A01;1;1;0;1;1;1;5;
202300025233;155 635 877;B01;1;80;0;2;1;1;3;
202300025236;155 635 873;A01;2;80;0;1;1;1;3;
202300025242;155 635 861;B01;1;1;0;2;8;0;5;
202300025245;155 635 858;A01;2;1;0;0;0;0;5;
202300025284;155 635 793;A01;1;80;1;0;2;1;3;
202300025288;155 635 787;A01;3;1;0;2;1;13;5;
202300025312;155 635 745;B01;1;1;0;2;1;1;5;
202300025313;155 635 743;B01;3;1;0;2;1;2;5;
202300025314;155 635 740;B01;3;1;1;0;0;0;5;
202300025332;155 635 710;A01;2;1;0;0;9;1;5;
202300025335;155 635 706;B01;3;1;0;2;5;1;5;
202300025340;155 635 697;B01;1;1;0;2;1;1;5;
202300025352;155 635 678;B01;2;1;0;2;4;1;5;
202300025355;155 635 672;B01;1;1;0;2;3;1;5;
202300025364;155 635 660;B01;3;1;0;2;7;15;5;
202300025376;155 635 637;B01;1;80;0;2;8;0;3;
202300025383;155 635 622;A01;1;1;0;0;4;2;5;
202300025405;155 635 577;A01;3;1;0;1;1;26;5;
202300025408;155 635 572;B01;1;1;0;2;7;1;5;
202300025415;155 635 560;Y01;1;1;0;0;0;1;5;
202300025420;155 635 551;B01;1;1;0;2;8;1;5;
202300025425;155 635 542;B01;2;1;0;2;1;19;5;
202300025429;155 635 534;B01;3;1;0;2;8;1;5;
202300025431;155 635 531;B01;1;1;0;0;8;26;5;
202300025454;155 635 486;B01;1;1;0;2;1;26;5;
202300025455;155 635 485;A01;1;1;0;0;0;1;5;
202300025470;155 635 460;A01;3;1;0;1;1;1;5;
202300025483;155 635 435;B01;1;1;0;2;2;1;5;
202300025503;155 635 394;A01;1;1;0;0;1;1;5;
202300025510;155 635 384;B01;1;1;0;2;6;2;5;
202300025524;155 635 359;C01;2;1;0;2;1;1;5;
202300025524;155 635 363;B01;2;1;0;2;1;1;5;
202300025543;155 635 328;B01;2;1;0;2;0;1;5;
202300025551;155 635 318;B01;0;1;1;2;7;19;5;
202300025558;155 635 306;B01;1;1;0;2;7;2;5;
202300025566;155 635 290;B01;2;1;0;2;1;1;5;
202300025588;155 635 252;A01;1;1;0;2;1;1;5;
202300025606;155 635 217;A01;2;1;0;2;7;15;5;
202300025615;155 635 202;A01;2;1;0;2;8;15;5;
202300025615;155 635 204;Z01;2;1;0;2;7;14;5;
202300025617;155 635 199;B01;2;1;0;2;1;1;5;
202300025618;155 635 195;C01;1;1;0;0;4;23;5;
202300025627;155 635 182;A01;2;1;0;2;1;5;5;
202300025644;155 635 149;A01;3;1;0;1;1;1;5;
202300025647;155 635 146;Z01;3;1;0;1;0;0;0;
202300025649;155 635 144;B01;1;80;0;2;3;1;3;
202300025658;155 635 132;B01;3;1;0;2;7;1;5;
202300025678;155 635 092;A01;1;1;0;2;3;19;5;
202300025703;155 635 046;B01;0;1;0;2;1;1;5;
202300025724;155 635 012;B01;2;80;0;2;8;0;5;
202300025769;155 634 927;A01;2;1;1;0;1;21;5;
202300025776;155 634 917;B01;3;1;0;2;1;1;5;
202300025813;155 634 844;B01;3;1;0;2;0;0;5;
202300025819;155 634 831;B01;1;1;0;2;7;19;5;
202300025830;155 634 811;A01;0;1;2;0;1;1;5;
202300025836;155 634 798;B01;0;1;0;2;1;1;5;
202300025840;155 634 791;B01;2;1;0;2;1;5;5;
202300025847;155 634 783;D01;1;80;0;0;3;23;3;
202300025847;155 634 785;C01;1;80;0;0;6;26;3;
202300025886;155 634 709;B01;2;80;0;2;8;26;3;
202300025894;155 634 695;B01;-1;1;0;2;4;1;5;
202300025901;155 634 681;A01;2;1;0;2;1;1;5;
202300025911;155 634 664;A01;1;1;0;2;3;15;5;
202300025912;155 634 666;A01;3;1;0;2;1;0;5;
202300025916;155 634 653;A01;2;1;0;2;3;1;5;
202300025921;155 634 644;A01;2;1;0;2;1;5;5;
202300025922;155 634 643;B01;2;1;0;2;8;1;5;
202300025924;155 634 640;A01;2;1;0;0;1;1;5;
202300025928;155 634 634;A01;1;1;0;1;8;1;5;
202300025931;155 634 628;B01;3;1;0;2;7;19;5;
202300025935;155 634 617;B01;3;1;0;2;1;15;5;
202300025937;155 634 619;B01;2;80;0;2;2;1;3;
202300025945;155 634 601;B01;1;1;0;2;8;0;5;
202300025946;155 634 602;B01;3;1;0;2;8;9;5;
202300025948;155 634 597;A01;2;1;0;1;4;25;5;
202300025955;155 634 582;A01;0;1;0;2;1;16;5;
202300025956;155 634 581;B01;1;1;0;2;1;16;5;
202300025994;155 634 511;B01;3;1;14;0;8;2;5;
202300026004;155 634 492;B01;3;1;1;0;1;0;5;
202300026006;155 634 487;A01;1;1;0;2;2;15;5;
202300026011;155 634 481;B01;3;1;0;2;1;0;5;
202300026015;155 634 467;B01;2;80;0;2;6;17;3;
202300026023;155 634 455;B01;3;1;0;2;5;1;5;
202300026032;155 634 439;B01;1;1;0;2;0;1;5;
202300026032;155 634 445;C01;1;1;0;2;0;1;5;
202300026035;155 634 433;B01;3;80;0;2;3;1;3;
202300026036;155 634 434;B01;1;1;0;2;3;15;5;
202300026041;155 634 422;A01;2;1;0;2;8;1;5;
202300026042;155 634 418;B01;0;1;1;0;0;1;5;
202300026049;155 634 403;A01;2;1;0;1;1;1;5;
202300026054;155 634 393;A01;1;1;0;2;5;17;5;
202300026054;155 634 398;B01;1;1;0;2;3;1;5;
202300026058;155 634 387;A01;3;1;0;2;1;1;5;
202300026058;155 634 391;B01;3;80;0;0;4;1;3;
202300026063;155 634 386;B01;2;1;0;2;1;1;5;
202300026069;155 634 371;B01;2;80;0;2;1;1;3;
202300026071;155 634 360;A01;2;1;0;2;1;1;5;
202300026084;155 634 341;B01;3;1;0;2;2;1;5;
202300026093;155 634 325;A01;1;1;0;1;8;1;5;
202300026102;155 634 312;A01;1;1;0;2;1;21;5;
202300026109;155 634 300;A01;3;1;0;2;3;19;5;
202300026113;155 634 289;A01;2;1;0;0;9;1;5;
202300026135;155 634 253;A01;3;80;14;0;1;1;3;
202300026141;155 634 249;B01;2;1;0;0;0;0;5;
202300026147;155 634 235;A01;1;1;0;2;8;19;5;
202300026151;155 634 230;A01;1;80;12;0;7;12;3;
202300026168;155 634 205;B01;3;1;0;2;7;19;5;
202300026169;155 634 198;B01;1;1;0;2;8;1;5;
202300026224;155 634 099;B01;1;1;0;2;4;1;5;
202300026233;155 634 083;A01;2;1;12;0;0;21;5;
202300026242;155 634 069;B01;2;1;0;2;4;11;5;
202300026255;155 634 042;B01;2;1;0;2;1;1;5;
202300026255;155 634 046;A01;2;1;0;0;0;1;5;
202300026262;155 634 032;A01;3;1;0;5;0;1;5;
202300026265;155 634 027;B01;2;1;0;2;8;2;5;
202300026268;155 634 025;B01;2;80;0;0;2;5;3;
202300026320;155 633 933;A01;3;1;0;0;0;26;5;
202300026329;155 633 921;A01;2;1;0;2;1;1;5;
202300026341;155 633 901;B01;1;80;0;2;8;1;3;
202300026352;155 633 881;B01;1;1;0;2;7;1;5;
202300026352;155 633 883;Z01;1;1;0;2;7;17;5;
202300026361;155 633 868;A01;2;1;0;0;4;1;5;
202300026362;155 633 866;A01;2;80;0;0;0;1;3;
202300026365;155 633 862;A01;1;1;0;1;1;1;5;
202300026380;155 633 834;B01;2;80;0;2;1;9;3;
202300026392;155 633 810;B01;2;1;0;2;3;0;5;
202300026397;155 633 802;B01;1;1;0;2;7;1;5;
202300026407;155 633 774;B01;2;80;1;0;1;2;3;
202300026410;155 633 767;B01;2;1;0;2;1;1;5;
202300026425;155 633 743;A01;2;80;0;2;1;1;3;
202300026441;155 633 706;B01;1;1;0;2;1;1;5;
202300026444;155 633 701;B01;1;1;0;2;1;1;5;
202300026451;155 633 693;B01;2;1;0;2;7;16;5;
202300026475;155 633 638;A01;1;1;0;2;8;17;5;
202300026476;155 633 636;A01;1;1;12;0;1;25;5;
202300026483;155 633 627;A01;1;1;0;2;1;9;5;
202300026489;155 633 613;A01;2;1;0;0;7;0;5;
202300026495;155 633 600;C01;2;1;0;2;1;0;5;
202300026495;155 633 604;B01;2;1;0;2;1;5;5;
202300026505;155 633 591;B01;3;1;0;2;7;1;5;
202300026520;155 633 559;A01;1;1;0;2;4;9;5;
202300026523;155 633 555;A01;1;1;0;1;1;1;5;
202300026527;155 633 548;A01;1;1;0;2;4;15;5;
202300026529;155 633 540;A01;2;1;1;0;1;1;5;
202300026534;155 633 534;A01;1;80;0;0;7;1;3;
202300026535;155 633 529;B01;2;1;14;0;0;0;5;
202300026546;155 633 513;B01;1;1;1;0;3;2;5;
202300026547;155 633 509;B01;0;1;0;2;4;1;5;
202300026551;155 633 500;A01;1;1;0;2;1;2;5;
202300026551;155 633 503;B01;2;1;0;2;1;1;5;
202300026565;155 633 477;B01;1;1;0;2;1;1;5;
202300026577;155 633 457;A01;1;1;0;0;0;1;5;
202300026581;155 633 452;B01;1;1;0;2;0;1;5;
202300026604;155 633 412;B01;2;1;6;0;1;1;5;
202300026616;155 633 390;A01;2;80;0;0;1;16;3;
202300026617;155 633 389;A01;0;1;9;0;1;1;5;
202300026621;155 633 382;A01;3;1;0;2;1;19;5;
202300026629;155 633 371;B01;2;1;0;2;7;1;5;
202300026652;155 633 335;B01;1;1;0;2;7;2;5;
202300026653;155 633 331;A01;1;1;0;2;6;13;5;
202300026653;155 633 333;B01;2;80;0;2;3;1;3;
202300026657;155 633 328;B01;1;1;0;2;4;1;5;
202300026660;155 633 321;A01;1;1;12;0;8;13;5;
202300026665;155 633 309;B01;1;1;0;2;2;26;5;
202300026684;155 633 276;B01;2;1;0;2;7;2;5;
202300026686;155 633 273;B01;3;1;0;2;7;1;5;
202300026688;155 633 270;B01;3;1;0;2;6;19;5;
202300026695;155 633 259;A01;1;1;0;2;1;2;5;
202300026727;155 633 212;B01;3;1;0;2;3;16;5;
202300026743;155 633 181;B01;2;1;16;2;4;1;5;
202300026749;155 633 171;B01;3;1;0;2;3;15;5;
202300026750;155 633 167;B01;1;1;0;2;8;11;5;
202300026768;155 633 139;B01;2;1;0;2;8;1;5;
202300026769;155 633 137;B01;2;1;0;2;4;2;5;
202300026772;155 633 132;A01;2;80;0;0;9;0;3;
202300026778;155 633 122;B01;2;1;0;0;3;1;5;
202300026794;155 633 098;B01;3;1;0;2;8;0;5;
202300026795;155 633 095;A01;2;1;0;0;4;13;5;
202300026796;155 633 091;B01;2;1;0;2;1;26;5;
202300026839;155 633 010;B01;2;1;0;2;7;1;0;
202300026847;155 632 995;B01;2;1;0;2;8;1;5;
202300026860;155 632 969;A01;1;1;1;0;1;1;5;
202300026873;155 632 950;A01;3;1;0;2;7;1;5;
202300026897;155 632 907;B01;3;1;0;2;7;19;5;
202300026902;155 632 901;A01;1;1;0;0;0;21;5;
202300026907;155 632 892;B01;3;1;1;2;1;25;5;
202300026919;155 632 874;B01;2;1;0;2;4;0;5;
202300026932;155 632 855;A01;2;1;0;0;7;1;5;
202300026948;155 632 828;C01;1;1;0;2;4;0;5;
202300026972;155 632 779;A01;2;1;0;2;1;5;5;
202300026981;155 632 768;B01;1;1;0;2;3;0;5;
202300026992;155 632 748;B01;2;1;0;0;4;1;5;
202300026996;155 632 740;A01;3;1;15;0;0;21;5;
202300026996;155 632 741;B01;3;1;0;0;0;17;5;
202300027035;155 632 661;B01;2;80;0;2;5;16;3;
202300027050;155 632 631;A01;2;1;0;2;1;25;5;
202300027051;155 632 630;B01;2;1;12;2;7;2;5;
202300027057;155 632 618;B01;2;1;0;0;0;0;5;
202300027060;155 632 612;A01;1;1;0;2;8;1;5;
202300027066;155 632 600;B01;1;1;0;2;8;2;5;
202300027088;155 632 559;B01;1;1;0;2;0;1;5;
202300027090;155 632 555;B01;3;1;0;2;8;19;5;
202300027093;155 632 548;B01;2;1;0;2;8;1;5;
202300027102;155 632 534;A01;1;1;1;2;0;3;5;
202300027106;155 632 528;B01;0;1;0;2;7;1;5;
202300027107;155 632 525;B01;0;1;0;2;1;1;5;
202300027116;155 632 511;B01;1;1;0;2;1;1;5;
202300027119;155 632 507;B01;3;80;0;2;1;5;3;
202300027127;155 632 490;A01;2;1;0;2;4;1;5;
202300027131;155 632 486;B01;1;1;0;2;1;1;5;
202300027136;155 632 477;B01;3;1;0;2;1;1;5;
202300027141;155 632 466;B01;3;1;0;2;1;19;5;
202300027159;155 632 430;B01;1;1;0;2;8;1;5;
202300027161;155 632 427;A01;1;1;0;0;0;0;5;
202300027171;155 632 402;B01;3;1;0;2;1;1;5;
202300027174;155 632 396;A01;1;80;0;2;7;1;3;
202300027175;155 632 394;A01;1;80;0;2;1;25;3;
202300027177;155 632 391;A01;1;1;0;2;1;1;5;
202300027179;155 632 387;C01;2;1;0;2;4;1;5;
202300027179;155 632 389;B01;1;1;1;2;1;1;5;
202300027180;155 632 385;A01;3;1;0;2;4;1;5;
202300027180;155 632 386;B01;3;1;0;2;1;1;5;
202300027184;155 632 380;B01;1;1;1;2;1;1;5;
202300027187;155 632 376;Z01;2;1;0;1;1;1;5;
202300027188;155 632 374;A01;3;80;12;0;0;14;3;
202300027190;155 632 372;A01;1;1;14;0;1;1;5;
202300027191;155 632 370;B01;1;1;0;2;4;23;5;
202300027194;155 632 365;B01;1;1;0;2;8;1;5;
202300027200;155 632 356;B01;0;1;1;0;1;17;5;
202300027206;155 632 346;B01;3;1;0;2;8;19;5;
202300027207;155 632 345;A01;3;1;0;2;1;6;5;
202300027215;155 632 326;B01;1;80;0;2;7;16;3;
202300027226;155 632 308;B01;2;1;0;2;0;2;5;
202300027228;155 632 303;B01;3;1;0;2;1;1;5;
202300027230;155 632 300;B01;1;1;0;2;4;2;5;
202300027235;155 632 291;A01;2;1;0;0;0;9;5;
202300027243;155 632 276;B01;1;80;0;2;1;19;3;
202300027248;155 632 268;B01;3;1;0;2;1;1;5;
202300027249;155 632 266;B01;1;1;0;2;8;13;5;
202300027253;155 632 259;B01;1;1;0;2;2;1;5;
202300027259;155 632 247;B01;1;1;0;2;2;0;5;
202300027297;155 632 171;A01;1;80;0;0;8;1;3;
202300027301;155 632 165;B01;3;1;0;2;4;1;5;
202300027302;155 632 163;Y01;1;1;0;2;8;2;5;
202300027305;155 632 158;B01;1;1;0;2;1;0;5;
202300027308;155 632 151;B01;3;1;0;2;3;1;5;
202300027314;155 632 137;B01;3;1;0;2;1;1;5;
202300027327;155 632 113;A01;1;1;0;2;8;19;5;
202300027328;155 632 112;B01;2;1;0;2;1;1;5;
202300027333;155 632 103;B01;2;80;1;0;2;1;3;
202300027341;155 632 089;A01;1;1;0;2;7;19;5;
202300027364;155 632 049;A01;3;1;0;2;1;13;5;
202300027373;155 632 032;B01;2;1;1;0;7;21;5;
202300027379;155 632 024;B01;2;1;0;2;5;1;5;
202300027411;155 631 958;B01;1;1;0;2;4;1;5;
202300027417;155 631 946;B01;3;1;0;2;2;16;5;
202300027419;155 631 942;A01;2;1;0;2;3;9;5;
202300027426;155 631 931;A01;2;1;0;2;1;25;5;
202300027428;155 631 928;B01;1;1;0;2;4;2;5;
202300027441;155 631 906;A01;2;1;12;0;1;19;5;
202300027447;155 631 897;A01;2;1;0;1;1;16;5;
202300027450;155 631 895;B01;3;1;0;2;4;1;5;
202300027456;155 631 882;A01;2;1;0;2;7;15;5;
202300027461;155 631 875;A01;3;80;0;2;1;1;3;
202300027465;155 631 864;A01;2;1;0;0;0;1;5;
202300027467;155 631 865;A01;2;1;0;9;3;5;5;
202300027475;155 631 853;A01;1;1;0;2;8;19;5;
202300027483;155 631 839;B01;1;1;0;2;3;2;5;
202300027500;155 631 814;A01;0;1;0;0;0;14;5;
202300027509;155 631 800;A01;2;1;1;0;2;15;5;
202300027517;155 631 785;B01;1;1;0;2;8;15;5;
202300027533;155 631 762;A01;1;1;0;2;8;19;5;
202300027538;155 631 756;B01;1;1;0;2;7;1;5;
202300027551;155 631 734;B01;1;1;0;0;4;1;5;
202300027552;155 631 730;B01;2;1;0;0;4;2;5;
202300027556;155 631 721;A01;2;1;0;2;4;2;5;
202300027558;155 631 718;A01;3;1;0;0;7;0;5;
202300027559;155 631 716;A01;3;1;16;0;0;0;5;
202300027571;155 631 692;A01;1;1;0;4;7;26;5;
202300027572;155 631 691;A01;1;1;0;0;8;19;5;
202300027584;155 631 672;B01;1;1;0;2;4;2;5;
202300027602;155 631 643;B01;2;1;1;0;7;1;5;
202300027615;155 631 614;B01;1;1;0;2;6;15;5;
202300027625;155 631 598;A01;1;80;0;2;8;15;3;
202300027635;155 631 583;A01;1;80;0;0;0;0;3;
202300027646;155 631 564;A01;1;1;0;0;5;10;5;
202300027670;155 631 518;B01;2;1;0;2;8;13;5;
202300027694;155 631 476;A01;1;1;0;0;0;1;5;
202300027701;155 631 466;B01;2;80;1;0;0;21;3;
202300027706;155 631 458;A01;3;1;0;1;1;25;5;
202300027717;155 631 442;B01;1;1;0;2;6;1;5;
202300027723;155 631 432;B01;3;1;0;0;4;11;5;
202300027740;155 631 403;B01;3;1;12;2;4;19;5;
202300027745;155 631 396;A01;1;1;0;2;3;19;5;
202300027748;155 631 387;B01;0;1;0;0;0;0;5;
202300027771;155 631 351;B01;1;1;0;2;0;1;5;
202300027781;155 631 331;B01;3;1;0;2;6;19;5;
202300027784;155 631 327;B01;1;1;0;2;1;1;5;
202300027787;155 631 320;B01;3;1;0;2;1;0;5;
202300027797;155 631 295;B01;2;1;0;2;8;1;5;
202300027813;155 631 267;A01;3;80;0;1;7;1;3;
202300027818;155 631 261;B01;2;1;0;2;1;1;5;
202300027821;155 631 251;A01;3;1;0;2;7;1;5;
202300027826;155 631 246;B01;2;1;0;2;1;1;5;
202300027834;155 631 226;B01;1;1;0;2;1;1;5;
202300027844;155 631 216;B01;2;80;0;2;7;2;3;
202300027852;155 631 199;A01;1;1;1;0;1;1;5;
202300027860;155 631 186;A01;1;1;0;1;1;1;5;
202300027865;155 631 183;B01;1;1;0;2;3;19;5;
202300027872;155 631 167;B01;2;1;0;0;4;2;5;
202300027876;155 631 159;B01;0;1;0;2;0;16;5;
202300027879;155 631 151;B01;1;1;0;2;1;1;5;
202300027885;155 631 138;B01;2;1;0;2;4;2;5;
202300027917;155 631 087;B01;3;1;0;2;4;1;5;
202300027927;155 631 067;B01;2;1;1;0;7;1;5;
202300027935;155 631 052;A01;2;1;0;1;1;21;5;
202300027938;155 631 048;A01;1;80;0;0;6;1;3;
202300027942;155 631 044;A01;3;1;0;0;5;9;5;
202300027956;155 631 015;B01;2;1;0;2;2;1;5;
202300027958;155 631 012;A01;1;1;3;0;2;1;5;
202300027961;155 631 005;D01;2;1;0;2;8;1;5;
202300027961;155 631 014;E01;2;1;0;2;0;1;5;
202300027983;155 630 967;A01;2;1;0;2;3;21;5;
202300027986;155 630 960;A01;2;1;12;2;7;1;5;
202300027990;155 630 955;A01;2;1;0;1;8;1;5;
202300028001;155 630 939;A01;1;1;0;2;1;13;5;
202300028001;155 630 943;B01;1;1;0;2;1;13;5;
202300028015;155 630 913;A01;1;80;0;2;8;13;3;
202300028019;155 630 905;B01;1;1;0;2;1;1;5;
202300028020;155 630 904;B01;0;1;0;2;3;15;5;
202300028023;155 630 895;B01;1;1;0;0;0;1;5;
202300028028;155 630 889;A01;2;1;7;0;1;14;5;
202300028034;155 630 884;B01;1;1;0;2;1;18;5;
202300028068;155 630 824;A01;0;1;0;1;1;1;5;
202300028074;155 630 816;B01;1;1;1;0;2;1;5;
202300028082;155 630 801;B01;1;1;1;0;0;26;5;
202300028106;155 630 748;A01;3;1;0;6;1;1;5;
202300028110;155 630 741;A01;3;1;0;0;7;1;5;
202300028112;155 630 740;B01;2;1;0;2;7;0;5;
202300028121;155 630 722;A01;1;80;0;2;8;13;3;
202300028143;155 630 678;A01;1;80;12;0;9;21;3;
202300028145;155 630 674;A01;2;1;0;0;0;21;5;
202300028151;155 630 667;B01;1;1;0;2;1;1;5;
202300028153;155 630 660;B01;2;80;0;2;7;19;3;
202300028157;155 630 650;B01;1;1;0;2;0;1;5;
202300028159;155 630 648;A01;2;80;0;2;6;1;3;
202300028162;155 630 641;B01;2;1;0;2;2;1;5;
202300028162;155 630 642;A01;2;80;0;2;3;15;3;
202300028165;155 630 636;A01;2;1;0;2;1;1;5;
202300028166;155 630 637;A01;3;1;0;2;7;5;5;
202300028169;155 630 627;A01;2;1;0;2;1;1;5;
202300028173;155 630 618;B01;1;1;0;2;1;1;5;
202300028178;155 630 612;A01;1;1;0;2;4;2;5;
202300028179;155 630 609;B01;2;1;0;2;7;2;5;
202300028249;155 630 466;A01;2;1;0;2;6;1;5;
202300028252;155 630 462;B01;1;1;0;2;7;19;5;
202300028255;155 630 457;B01;2;1;0;4;6;19;5;
202300028305;155 630 364;A01;2;80;0;1;8;2;3;
202300028330;155 630 307;A01;1;1;0;2;4;2;5;
202300028335;155 630 300;A01;2;1;0;2;1;1;5;
202300028335;155 630 302;B01;1;1;0;2;1;1;5;
202300028338;155 630 291;Z01;1;1;0;1;3;16;5;
202300028340;155 630 286;Z01;3;1;0;1;1;0;5;
202300028343;155 630 287;A01;1;1;0;2;7;19;5;
202300028350;155 630 270;B01;1;1;0;2;1;1;5;
202300028363;155 630 252;B01;1;80;0;2;3;1;3;
202300028367;155 630 241;A01;3;1;0;1;1;25;5;
202300028391;155 630 201;B01;1;1;1;0;1;0;5;
202300028432;155 630 119;B01;3;1;0;2;1;16;5;
202300028446;155 630 103;A01;0;1;0;2;1;1;5;
202300028447;155 630 098;A01;2;1;0;2;1;1;5;
202300028464;155 630 071;A01;2;1;0;2;1;5;5;
202300028474;155 630 051;B01;2;80;0;0;8;15;3;
202300028478;155 630 047;B01;3;1;0;2;1;1;5;
202300028487;155 630 029;B01;3;1;0;2;0;1;5;
202300028530;155 629 956;B01;3;1;0;2;8;0;5;
202300028538;155 629 942;Y01;3;1;0;2;1;19;5;
202300028552;155 629 921;B01;1;80;1;0;3;1;3;
202300028556;155 629 918;A01;2;1;0;2;1;1;5;
202300028573;155 629 885;A01;1;1;0;0;0;0;5;
202300028597;155 629 841;A01;1;1;0;2;0;1;5;
202300028602;155 629 832;A01;1;1;0;0;7;1;5;
202300028623;155 629 801;A01;2;1;8;0;1;26;5;
202300028648;155 629 762;B01;3;1;0;2;0;1;5;
202300028678;155 629 710;B01;1;1;0;2;7;1;5;
202300028680;155 629 703;B01;1;1;0;2;1;1;5;
202300028699;155 629 669;B01;2;1;0;2;2;1;5;
202300028701;155 629 667;B01;2;1;0;2;6;1;5;
202300028708;155 629 656;B01;3;1;0;2;1;5;5;
202300028710;155 629 651;A01;3;1;0;2;2;26;5;
202300028713;155 629 644;B01;2;80;0;2;4;23;3;
202300028714;155 629 641;B01;2;1;0;2;0;0;5;
202300028716;155 629 637;A01;2;80;0;0;7;1;3;
202300028728;155 629 607;B01;3;1;0;9;1;26;5;
202300028729;155 629 605;B01;1;1;1;0;1;22;5;
202300028732;155 629 597;B01;0;1;0;2;4;2;5;
202300028743;155 629 580;A01;3;1;0;2;7;26;5;
202300028748;155 629 572;A01;0;1;14;0;1;1;5;
202300028748;155 629 573;B01;3;1;0;9;1;1;5;
202300028770;155 629 536;A01;2;80;0;2;7;26;3;
202300028772;155 629 534;B01;2;1;0;2;1;1;5;
202300028777;155 629 527;B01;1;1;0;2;0;1;5;
202300028780;155 629 523;B01;0;1;12;0;1;0;5;
202300028790;155 629 507;B01;2;1;0;2;1;1;5;
202300028791;155 629 506;B01;2;1;0;2;1;1;5;
202300028801;155 629 487;A01;1;1;0;0;0;0;5;
202300028804;155 629 482;B01;0;1;0;2;7;1;5;
202300028810;155 629 472;A01;2;1;0;2;6;0;5;