Num_Acc;id_vehicule;num_veh;senc;catv;obs;obsm;choc;manv;motor;occutc
202300028823;155 629 449;B01;2;80;0;2;1;15;3;
202300028829;155 629 440;B01;2;1;0;2;4;2;5;
202300028833;155 629 434;B01;3;1;0;2;1;1;5;
202300028839;155 629 425;B01;3;1;0;2;1;19;5;
202300028840;155 629 423;B01;2;80;0;2;1;1;3;
202300028845;155 629 417;B01;1;1;0;2;1;15;5;
202300028846;155 629 412;A01;2;80;0;6;0;1;3;
202300028881;155 629 344;B01;3;1;0;2;1;1;5;
202300028883;155 629 341;B01;3;1;0;2;0;0;5;
202300028885;155 629 337;B01;3;1;0;2;5;19;5;
202300028899;155 629 312;B01;2;1;0;2;1;11;5;
202300028916;155 629 281;A01;3;1;0;2;1;5;5;
202300028918;155 629 276;A01;1;1;0;2;1;21;5;
202300028918;155 629 277;B01;2;1;0;2;1;1;5;
202300028927;155 629 262;B01;1;1;0;2;1;1;5;
202300028928;155 629 259;B01;1;80;0;2;0;1;3;
202300028930;155 629 256;B01;0;80;9;2;7;2;0;
202300028930;155 629 257;A01;0;1;0;2;1;9;5;
202300028934;155 629 252;B01;3;80;0;2;7;1;3;
202300028937;155 629 246;B01;1;1;0;2;8;23;5;
202300028940;155 629 240;B01;3;1;0;9;7;1;5;
202300028946;155 629 227;B01;1;1;0;0;0;0;5;
202300028947;155 629 226;A01;2;1;2;0;2;1;5;
202300028948;155 629 225;B01;0;1;0;0;0;0;5;
202300028963;155 629 196;B01;1;1;0;2;1;1;5;
202300028967;155 629 189;B01;1;80;0;2;1;1;3;
202300028970;155 629 183;A01;3;1;0;2;1;1;5;
202300028971;155 629 182;Y01;3;1;0;2;4;25;5;
202300028972;155 629 179;B01;2;80;1;0;2;1;3;
202300028973;155 629 177;B01;2;1;0;2;8;1;5;
202300028975;155 629 175;B01;2;1;0;2;8;1;5;
202300028979;155 629 168;B01;1;1;0;2;1;1;5;
202300028986;155 629 154;B01;3;1;0;2;0;19;5;
202300028994;155 629 139;B01;2;1;1;0;1;1;5;
202300029002;155 629 127;B01;1;1;0;2;3;1;5;
202300029010;155 629 112;A01;3;1;0;2;1;5;5;
202300029031;155 629 067;A01;3;1;0;2;1;19;5;
202300029032;155 629 065;B01;2;1;0;0;4;2;5;
202300029044;155 629 042;A01;3;1;0;2;1;15;5;
202300029063;155 629 008;B01;2;1;0;2;8;1;5;
202300029075;155 628 983;B01;2;1;0;2;8;1;5;
202300029081;155 628 969;A01;2;80;0;2;8;1;3;
202300029083;155 628 966;B01;1;1;0;2;0;0;5;
202300029089;155 628 955;A01;1;1;0;2;1;19;5;
202300029092;155 628 948;B01;1;1;0;2;4;1;5;
202300029104;155 628 926;A01;0;1;0;2;4;0;5;
202300029108;155 628 921;A01;2;1;0;0;1;26;5;
202300029115;155 628 909;B01;3;1;0;2;1;1;5;
202300029118;155 628 905;B01;2;1;0;2;7;5;5;
202300029119;155 628 903;B01;1;80;0;2;1;1;3;
202300029124;155 628 893;B01;2;80;0;2;1;1;3;
202300029125;155 628 891;A01;1;1;0;2;3;21;5;
202300029127;155 628 886;A01;2;1;0;1;1;1;5;
202300029128;155 628 885;B01;2;80;0;2;1;1;3;
202300029129;155 628 883;A01;1;1;0;1;1;1;5;
202300029140;155 628 865;B01;3;1;0;2;0;15;5;
202300029147;155 628 855;A01;0;1;0;2;7;1;5;
202300029153;155 628 842;B01;1;1;0;2;7;26;5;
202300029157;155 628 837;B01;3;1;0;2;0;1;5;
202300029169;155 628 820;B01;3;1;0;2;1;1;5;
202300029181;155 628 804;B01;2;1;0;2;6;1;5;
202300029190;155 628 785;A01;2;1;0;0;0;0;5;
202300029201;155 628 766;A01;2;1;0;2;8;13;5;
202300029235;155 628 698;A01;1;1;0;0;8;1;5;
202300029238;155 628 695;B01;2;1;0;2;1;1;5;
202300029239;155 628 693;A01;1;80;0;2;8;13;3;
202300029240;155 628 691;B01;2;1;14;2;2;2;5;
202300029241;155 628 688;A01;3;1;0;2;8;5;5;
202300029255;155 628 666;B01;0;1;0;2;1;1;5;
202300029291;155 628 607;A01;1;80;0;0;0;1;3;
202300029298;155 628 598;A01;1;1;12;0;1;20;5;
202300029308;155 628 584;A01;3;1;0;2;4;0;5;
202300029319;155 628 558;B01;3;80;0;2;0;0;3;
202300029331;155 628 536;A01;1;1;0;2;3;9;5;
202300029355;155 628 502;A01;2;1;0;2;4;1;5;
202300029364;155 628 484;B01;1;1;0;2;9;1;5;
202300029397;155 628 428;B01;1;1;0;2;1;26;5;
202300029398;155 628 427;B01;2;80;0;2;1;1;3;
202300029404;155 628 410;B01;2;1;0;2;1;1;5;
202300029404;155 628 411;D01;2;1;0;2;1;1;5;
202300029404;155 628 415;C01;2;1;0;2;1;1;5;
202300029423;155 628 380;B01;2;1;0;2;7;1;5;
202300029426;155 628 376;B01;3;1;0;2;8;1;5;
202300029439;155 628 351;B01;1;1;0;2;8;1;5;
202300029456;155 628 322;C01;3;1;0;2;1;1;5;
202300029456;155 628 323;B01;3;1;0;2;8;1;5;
202300029459;155 628 320;B01;2;1;0;2;1;1;5;
202300029498;155 628 255;B01;3;80;0;2;1;13;3;
202300029505;155 628 243;A01;2;1;0;1;1;7;5;
202300029506;155 628 240;B01;1;1;0;0;4;1;5;
202300029511;155 628 230;A01;1;1;0;2;1;1;5;
202300029517;155 628 217;A01;3;1;0;2;1;5;5;
202300029517;155 628 220;B01;3;1;0;2;1;1;5;
202300029520;155 628 215;B01;1;1;0;9;0;0;5;
202300029532;155 628 196;A01;2;1;0;0;0;1;5;
202300029547;155 628 172;A01;3;1;0;1;1;1;5;
202300029591;155 628 092;A01;3;1;0;0;9;26;5;
202300029592;155 628 091;B01;2;1;0;2;1;26;5;
202300029608;155 628 062;B01;2;1;0;2;1;1;5;
202300029611;155 628 056;A01;1;1;0;2;6;2;5;
202300029612;155 628 053;A01;1;1;0;0;1;1;5;
202300029638;155 628 015;B01;2;1;0;2;2;1;5;
202300029640;155 628 008;B01;2;1;0;2;3;1;5;
202300029644;155 628 003;A01;0;1;0;1;1;1;5;
202300029651;155 627 991;A01;3;1;0;1;3;1;5;
202300029663;155 627 975;B01;3;1;0;2;3;1;5;
202300029667;155 627 968;A01;1;1;0;0;4;2;5;
202300029683;155 627 944;B01;1;1;1;0;1;1;5;
202300029694;155 627 928;B01;2;1;0;0;1;1;5;
202300029769;155 627 770;B01;1;1;0;2;1;1;5;
202300029774;155 627 761;A01;2;80;0;2;8;19;3;
202300029777;155 627 755;B01;1;1;0;2;3;2;5;
202300029782;155 627 747;A01;2;1;0;0;0;1;5;
202300029786;155 627 740;A01;2;1;0;1;1;1;5;
202300029795;155 627 723;B01;2;80;0;2;3;13;3;
202300029824;155 627 667;B01;0;1;0;0;0;0;5;
202300029831;155 627 659;B01;1;1;0;2;6;2;5;
202300029854;155 627 618;B01;2;1;0;2;1;1;5;
202300029868;155 627 596;B01;1;1;0;0;4;1;5;
202300029869;155 627 593;A01;0;1;14;0;1;1;5;
202300029876;155 627 581;A01;2;80;0;2;1;1;3;
202300029879;155 627 576;B01;1;1;0;2;1;1;5;
202300029887;155 627 562;B01;3;80;0;2;1;13;3;
202300029896;155 627 545;B01;2;1;0;2;8;16;5;
202300029905;155 627 528;B01;1;1;0;2;8;16;5;
202300029932;155 627 483;A01;3;1;0;2;0;13;5;
202300029952;155 627 445;A01;3;1;0;2;1;26;5;
202300029952;155 627 446;B01;3;1;0;2;1;0;5;
202300029967;155 627 420;A01;1;1;0;1;1;0;5;
202300029984;155 627 396;B01;1;80;0;2;8;16;3;
202300029990;155 627 382;A01;0;1;0;2;1;15;5;
202300029997;155 627 370;A01;1;80;0;0;9;14;3;
202300030009;155 627 348;B01;1;1;0;2;7;16;5;
202300030075;155 627 224;B01;1;1;0;2;0;13;5;
202300030078;155 627 217;A01;1;1;0;0;0;1;5;
202300030096;155 627 188;A01;2;1;0;0;0;1;5;
202300030101;155 627 178;B01;0;80;0;2;0;0;3;
202300030129;155 627 117;B01;2;1;0;2;0;0;5;
202300030152;155 627 084;B01;1;1;0;2;1;1;5;
202300030168;155 627 053;A01;2;1;0;2;0;5;5;
202300030175;155 627 034;B01;1;1;0;2;1;1;5;
202300030176;155 627 032;B01;3;1;0;2;4;19;5;
202300030177;155 627 029;A01;1;1;0;0;2;1;5;
202300030191;155 627 004;B01;3;1;0;2;4;12;5;
202300030195;155 626 997;A01;2;1;0;2;8;2;5;
202300030197;155 626 996;A01;1;1;0;2;1;1;5;
202300030202;155 626 985;A01;3;1;0;2;8;19;5;
202300030205;155 626 977;B01;3;1;0;2;8;1;5;
202300030220;155 626 955;B01;2;1;0;2;8;1;5;
202300030247;155 626 898;B01;1;1;0;2;1;1;5;
202300030265;155 626 865;A01;2;1;0;2;4;2;5;
202300030266;155 626 866;B01;2;1;0;2;1;1;5;
202300030284;155 626 834;B01;2;1;0;2;7;0;5;
202300030286;155 626 831;B01;1;1;0;2;0;0;0;
202300030292;155 626 819;B01;3;1;0;2;1;5;5;
202300030293;155 626 818;B01;2;1;0;2;3;1;5;
202300030313;155 626 786;B01;3;1;0;2;1;1;5;
202300030330;155 626 752;B01;1;1;0;2;7;16;5;
202300030350;155 626 721;A01;2;1;15;1;2;1;5;
202300030354;155 626 715;A01;1;1;0;0;0;0;5;
202300030361;155 626 707;A01;1;1;0;2;1;1;5;
202300030362;155 626 703;A01;2;1;0;1;7;1;5;
202300030372;155 626 686;B01;1;1;0;2;7;9;5;
202300030377;155 626 681;B01;2;1;0;0;0;0;5;
202300030379;155 626 674;B01;2;80;0;2;1;1;3;
202300030382;155 626 671;B01;2;1;0;2;1;19;5;
202300030398;155 626 636;A01;1;1;0;2;1;15;5;
202300030399;155 626 633;B01;3;1;0;2;4;19;5;
202300030404;155 626 624;B01;2;1;0;2;4;23;5;
202300030431;155 626 580;B01;3;1;0;2;7;1;5;
202300030432;155 626 578;B01;1;1;0;2;8;1;5;
202300030440;155 626 566;A01;1;1;0;2;0;5;5;
202300030445;155 626 556;C01;1;1;0;2;4;26;5;
202300030451;155 626 544;B01;1;1;0;2;4;1;5;
202300030452;155 626 547;B01;0;1;0;0;0;0;5;
202300030454;155 626 540;B01;2;1;0;2;1;1;5;
202300030463;155 626 520;B01;1;1;0;2;1;1;5;
202300030480;155 626 488;B01;1;1;0;2;7;19;5;
202300030483;155 626 483;B01;1;1;0;2;1;1;5;
202300030492;155 626 472;B01;1;1;0;2;8;1;5;
202300030496;155 626 464;A01;1;1;0;1;1;1;5;
202300030508;155 626 443;A01;3;1;0;0;0;0;5;
202300030511;155 626 444;B01;2;80;0;2;1;1;3;
202300030517;155 626 428;B01;2;1;1;0;2;13;5;
202300030520;155 626 424;A01;3;80;14;0;9;1;3;
202300030525;155 626 415;B01;2;1;0;2;2;1;5;
202300030543;155 626 384;A01;2;1;0;0;0;1;5;
202300030553;155 626 367;B01;1;80;0;2;1;1;3;
202300030553;155 626 369;A01;2;80;0;2;1;1;3;
202300030560;155 626 358;B01;2;1;0;2;1;1;5;
202300030566;155 626 346;B01;3;80;0;2;1;1;3;
202300030570;155 626 338;A01;3;1;0;2;1;15;5;
202300030573;155 626 334;A01;0;1;0;1;1;1;5;
202300030593;155 626 305;B01;2;1;0;2;1;5;5;
202300030597;155 626 295;B01;2;80;1;0;0;0;3;
202300030616;155 626 263;B01;1;1;0;0;7;17;5;
202300030618;155 626 257;B01;2;1;0;2;4;1;5;
202300030628;155 626 245;B01;3;1;0;2;9;10;5;
202300030634;155 626 236;B01;2;1;0;2;8;1;5;
202300030638;155 626 227;B01;2;1;0;2;7;1;5;
202300030652;155 626 203;A01;2;1;0;2;1;9;5;
202300030675;155 626 160;B01;1;1;0;2;7;0;5;
202300030681;155 626 154;A01;1;1;0;0;0;1;5;
202300030684;155 626 150;A01;1;1;0;2;3;1;5;
202300030685;155 626 147;B01;1;1;0;2;8;0;5;
202300030698;155 626 125;B01;2;1;0;2;7;1;5;
202300030704;155 626 113;B01;1;1;0;2;7;2;5;
202300030713;155 626 098;B01;2;80;0;2;1;1;3;
202300030735;155 626 057;A01;2;1;0;2;1;1;5;
202300030739;155 626 048;B01;0;1;0;2;8;15;5;
202300030741;155 626 044;A01;2;1;0;2;7;2;5;
202300030743;155 626 037;A01;1;80;0;2;1;17;3;
202300030748;155 626 024;A01;2;80;0;0;1;21;3;
202300030750;155 626 017;A01;1;1;0;2;0;1;5;
202300030752;155 626 015;A01;1;1;0;1;1;21;5;
202300030805;155 625 906;A01;0;1;0;1;1;19;0;
202300030809;155 625 902;A01;1;1;0;2;1;1;5;
202300030809;155 625 904;B01;2;1;0;2;3;1;5;
202300030826;155 625 873;A01;1;1;0;2;1;1;5;
202300030855;155 625 827;B01;2;1;0;2;1;17;5;
202300030862;155 625 813;A01;3;1;0;0;9;1;5;
202300030869;155 625 803;B01;3;1;0;2;8;11;5;
202300030870;155 625 801;B01;3;1;0;2;8;19;5;
202300030873;155 625 795;B01;2;1;0;2;1;1;5;
202300030881;155 625 782;B01;2;1;0;2;1;5;5;
202300030886;155 625 771;B01;3;1;0;2;2;19;5;
202300030907;155 625 742;B01;1;80;0;2;7;1;3;
202300030916;155 625 721;B01;1;1;0;2;8;16;5;
202300030923;155 625 710;B01;3;1;0;2;2;14;5;
202300030931;155 625 700;B01;2;1;0;2;1;1;5;
202300030932;155 625 698;B01;1;1;0;2;4;15;5;
202300030937;155 625 686;B01;3;1;0;2;8;19;5;
202300030938;155 625 685;B01;2;1;0;0;8;1;5;
202300030939;155 625 684;A01;1;1;0;2;1;1;5;
202300030959;155 625 648;B01;2;1;0;2;0;1;5;
202300030964;155 625 640;B01;0;1;0;2;8;16;5;
202300030992;155 625 596;B01;2;1;1;0;7;1;5;
202300030995;155 625 588;B01;1;1;0;2;8;2;5;
202300031001;155 625 579;A01;3;1;0;0;0;0;5;
202300031014;155 625 559;B01;3;1;0;2;2;1;5;
202300031020;155 625 548;B01;1;1;0;2;7;19;5;
202300031033;155 625 529;A01;1;1;0;1;1;2;5;
202300031034;155 625 528;B01;1;1;0;2;8;11;5;
202300031064;155 625 462;B01;1;1;0;2;8;19;0;
202300031068;155 625 452;B01;3;1;0;2;1;1;5;
202300031073;155 625 443;B01;3;1;0;0;0;0;5;
202300031081;155 625 424;B01;1;80;0;2;1;1;3;
202300031090;155 625 411;B01;1;1;0;2;8;15;5;
202300031110;155 625 376;B01;2;80;1;2;8;13;3;
202300031112;155 625 371;A01;2;1;0;2;1;2;5;
202300031151;155 625 308;A01;3;1;0;0;0;1;5;
202300031162;155 625 290;B01;2;1;0;2;8;1;5;
202300031173;155 625 276;A01;2;1;0;0;0;1;5;
202300031177;155 625 271;B01;1;1;0;2;6;1;5;
202300031194;155 625 244;B01;1;1;0;2;1;1;5;
202300031205;155 625 228;B01;1;1;0;2;8;9;5;
202300031213;155 625 217;A01;2;1;0;1;1;1;5;
202300031258;155 625 141;B01;3;1;0;2;4;1;5;
202300031263;155 625 131;B01;1;1;0;2;4;1;5;
202300031265;155 625 128;B01;3;1;0;2;1;15;5;
202300031275;155 625 111;A01;1;80;0;1;1;0;3;
202300031288;155 625 088;A01;1;1;0;2;1;1;5;
202300031288;155 625 089;B01;1;80;0;2;4;1;3;
202300031298;155 625 073;B01;1;1;0;2;1;0;5;
202300031301;155 625 069;B01;2;1;1;0;1;1;5;
202300031323;155 625 027;B01;2;1;0;2;7;26;5;
202300031325;155 625 023;B01;1;1;0;2;4;1;5;
202300031327;155 625 018;B01;3;1;0;2;2;0;5;
202300031356;155 624 961;B01;1;80;1;0;1;21;3;
202300031362;155 624 951;B01;1;1;0;2;1;1;5;
202300031365;155 624 947;B01;3;1;0;2;1;1;5;
202300031369;155 624 936;A01;2;1;1;2;0;1;5;
202300031371;155 624 934;B01;1;1;0;2;7;1;5;
202300031390;155 624 902;A01;1;1;0;2;1;2;5;
202300031390;155 624 903;B01;1;1;0;2;4;2;5;
202300031406;155 624 880;B01;1;1;0;2;4;16;5;
202300031407;155 624 878;A01;1;1;0;0;0;1;5;
202300031431;155 624 844;B01;1;1;0;0;8;1;5;
202300031433;155 624 840;A01;2;1;0;2;1;5;5;
202300031449;155 624 809;B01;2;1;0;0;4;2;5;
202300031456;155 624 797;B01;1;1;0;2;3;15;5;
202300031462;155 624 788;A01;2;1;3;0;9;21;5;
202300031464;155 624 785;A01;2;1;0;6;1;1;5;
202300031466;155 624 781;C01;2;1;0;0;1;1;5;
202300031466;155 624 782;A01;2;1;0;5;1;1;5;
202300031466;155 624 783;B01;2;1;16;0;1;1;5;
202300031467;155 624 780;B01;1;1;0;2;1;1;5;
202300031470;155 624 773;B01;1;1;0;2;8;1;5;
202300031470;155 624 774;C01;1;1;0;2;8;1;5;
202300031470;155 624 775;D01;1;1;0;2;8;1;5;
202300031505;155 624 715;B01;1;1;0;2;0;13;5;
202300031506;155 624 713;B01;3;1;0;2;8;1;5;
202300031534;155 624 662;B01;2;1;0;2;8;5;5;
202300031557;155 624 615;B01;1;1;0;2;1;1;5;
202300031559;155 624 610;B01;2;1;0;2;1;1;5;
202300031581;155 624 579;A01;1;1;0;0;0;26;5;
202300031591;155 624 565;B01;2;1;12;0;8;13;5;
202300031598;155 624 554;Z01;2;1;0;1;0;1;5;
202300031602;155 624 547;B01;2;1;0;2;1;1;5;
202300031606;155 624 538;A01;1;1;0;2;1;1;5;
202300031606;155 624 541;B01;1;1;0;2;3;1;5;
202300031625;155 624 507;B01;3;1;0;0;0;0;5;
202300031628;155 624 504;B01;2;1;0;2;2;1;5;
202300031639;155 624 484;A01;2;80;0;2;2;14;3;
202300031643;155 624 481;B01;0;1;0;2;1;1;5;
202300031653;155 624 462;A01;2;1;0;2;0;17;5;
202300031653;155 624 464;B01;2;1;8;2;0;1;5;
202300031658;155 624 456;B01;1;80;0;2;1;17;3;
202300031664;155 624 448;B01;2;1;0;2;1;5;5;
202300031682;155 624 416;A01;1;80;0;2;2;19;3;
202300031689;155 624 403;A01;1;80;0;0;1;1;3;
202300031690;155 624 402;A01;1;80;0;1;8;1;3;
202300031697;155 624 394;B01;0;1;0;2;0;2;5;
202300031740;155 624 318;A01;2;1;13;0;2;14;5;
202300031755;155 624 293;B01;3;1;0;2;8;5;5;
202300031770;155 624 269;B01;2;1;0;2;0;2;5;
202300031772;155 624 262;B01;3;1;0;2;7;1;5;
202300031778;155 624 250;B01;1;1;0;2;5;2;5;
202300031787;155 624 230;B01;1;1;8;2;1;2;5;
202300031804;155 624 205;A01;3;80;0;1;0;21;3;
202300031820;155 624 185;A01;1;1;0;0;0;1;5;
202300031828;155 624 168;B01;3;1;0;2;1;1;5;
202300031883;155 624 070;B01;2;1;0;2;8;15;5;
202300031889;155 624 056;A01;2;1;0;2;8;1;5;
202300031891;155 624 052;A01;1;1;0;2;1;1;5;
202300031891;155 624 054;B01;2;1;0;2;1;9;5;
202300031908;155 624 018;B01;1;80;0;2;2;1;3;
202300031952;155 623 928;A01;2;1;0;2;8;15;5;
202300031969;155 623 899;A01;1;1;0;2;1;1;5;
202300031977;155 623 883;B01;1;80;0;2;8;19;3;
202300031978;155 623 880;A01;1;1;0;2;0;0;5;
202300031997;155 623 839;B01;1;1;0;2;2;1;5;
202300032003;155 623 834;B01;1;1;0;2;1;1;5;
202300032013;155 623 811;A01;1;1;0;2;1;19;5;
202300032017;155 623 804;B01;2;1;0;2;2;1;5;
202300032036;155 623 767;B01;1;80;0;9;4;1;3;
202300032037;155 623 766;A01;0;1;0;0;0;1;5;
202300032041;155 623 759;B01;2;1;0;2;1;2;5;
202300032062;155 623 727;B01;1;1;0;2;8;1;5;
202300032075;155 623 705;B01;1;1;0;2;1;5;5;
202300032082;155 623 692;A01;1;1;0;0;1;16;5;
202300032087;155 623 684;A01;1;1;0;1;1;15;5;
202300032119;155 623 633;B01;1;1;0;2;1;16;5;
202300032126;155 623 613;B01;1;1;0;2;4;2;5;
202300032127;155 623 609;B01;1;1;0;2;0;1;5;
202300032131;155 623 601;B01;1;1;0;2;4;1;5;
202300032148;155 623 571;B01;3;1;0;2;1;19;5;
202300032149;155 623 570;B01;1;1;0;2;1;1;5;
202300032187;155 623 499;B01;2;1;0;2;2;1;5;
202300032189;155 623 495;A01;2;1;8;0;1;21;5;
202300032201;155 623 477;B01;1;1;0;2;0;1;5;
202300032203;155 623 468;A01;1;1;12;0;2;14;5;
202300032221;155 623 444;B01;3;1;0;2;7;1;5;
202300032223;155 623 440;B01;2;1;0;2;4;1;5;
202300032233;155 623 417;B01;1;1;1;0;1;26;5;
202300032279;155 623 339;A01;2;1;0;2;8;1;5;
202300032297;155 623 307;P01;1;1;0;2;5;15;5;
202300032321;155 623 264;B01;1;80;0;2;8;15;3;
202300032333;155 623 237;A01;3;1;0;2;1;5;5;
202300032339;155 623 227;B01;1;1;0;0;0;0;5;
202300032345;155 623 221;B01;1;1;0;2;6;1;0;
202300032356;155 623 196;Y01;1;1;0;2;1;1;5;
202300032365;155 623 182;A01;2;80;0;0;7;15;3;
202300032368;155 623 175;A01;2;1;9;0;1;1;5;
202300032391;155 623 134;B01;3;1;0;2;1;19;5;
202300032394;155 623 135;B01;3;1;0;2;4;1;5;
202300032413;155 623 102;B01;3;80;0;2;1;0;3;
202300032434;155 623 073;B01;3;1;0;2;1;15;5;
202300032446;155 623 050;B01;2;1;0;2;8;0;5;
202300032453;155 623 042;B01;3;1;0;2;7;19;5;
202300032461;155 623 026;B01;0;1;0;2;2;17;5;
202300032485;155 622 973;B01;2;1;0;2;1;9;5;
202300032504;155 622 939;A01;1;80;0;2;8;1;3;
202300032511;155 622 927;A01;3;1;0;2;7;1;5;
202300032521;155 622 912;B01;1;1;0;2;7;1;5;
202300032532;155 622 895;B01;1;1;0;2;0;1;5;
202300032537;155 622 884;B01;1;1;0;2;2;1;5;
202300032540;155 622 877;A01;0;1;0;2;1;5;5;
202300032540;155 622 879;B01;0;1;0;2;1;1;5;
202300032554;155 622 854;B01;3;80;0;2;7;1;3;
202300032555;155 622 851;A01;2;1;0;2;1;5;5;
202300032560;155 622 840;B01;2;1;0;2;1;1;5;
202300032565;155 622 830;A01;2;1;0;0;0;1;5;
202300032570;155 622 822;A01;1;80;8;0;1;0;3;
202300032571;155 622 819;B01;1;1;0;2;4;13;5;
202300032585;155 622 799;B01;2;1;0;0;4;1;5;
202300032588;155 622 797;A01;0;1;0;0;0;0;5;
202300032590;155 622 788;A01;2;1;0;2;7;1;5;
202300032593;155 622 786;B01;2;1;0;0;4;2;5;
202300032608;155 622 754;B01;2;1;0;2;1;1;5;
202300032634;155 622 708;B01;1;1;0;2;3;2;5;
202300032664;155 622 661;B01;2;1;0;2;4;1;5;
202300032697;155 622 600;B01;2;1;0;2;1;1;6;
202300032719;155 622 559;B01;3;1;0;2;1;19;5;
202300032734;155 622 532;B01;3;1;0;2;7;19;5;
202300032741;155 622 517;B01;1;1;0;0;4;2;5;
202300032755;155 622 492;A01;2;1;15;9;1;2;5;
202300032756;155 622 491;A01;1;1;0;2;1;19;5;
202300032762;155 622 481;B01;2;1;0;2;1;16;5;
202300032765;155 622 476;B01;1;1;0;2;3;1;5;
202300032768;155 622 469;B01;1;1;0;2;1;1;5;
202300032825;155 622 343;B01;3;1;0;0;1;0;5;
202300032840;155 622 315;B01;2;80;0;2;8;7;3;
202300032852;155 622 294;A01;1;1;0;0;4;1;5;
202300032854;155 622 289;B01;2;1;0;1;1;1;5;
202300032858;155 622 284;B01;2;1;0;2;1;1;5;
202300032871;155 622 263;B01;1;1;0;2;5;19;5;
202300032880;155 622 246;B01;2;1;0;2;1;5;5;
202300032881;155 622 244;A01;2;1;0;1;1;1;5;
202300032888;155 622 234;A01;1;1;0;2;8;21;5;
202300032894;155 622 216;A01;2;1;0;2;1;1;5;
202300032903;155 622 201;B01;0;80;0;2;1;0;3;
202300032909;155 622 188;A01;3;1;0;2;1;9;5;
202300032910;155 622 190;B01;3;1;0;2;4;1;5;
202300032922;155 622 167;A01;1;1;0;1;1;1;5;
202300032926;155 622 161;B01;2;1;0;2;1;1;5;
202300032927;155 622 159;A01;2;1;1;1;7;1;5;
202300032947;155 622 128;A01;2;1;0;0;0;0;5;
202300032953;155 622 118;B01;1;1;0;2;0;15;5;
202300032957;155 622 113;A01;2;1;0;0;0;26;5;
202300032958;155 622 112;B01;1;1;0;2;1;1;5;
202300033021;155 622 000;B01;3;1;0;2;7;19;5;
202300033031;155 621 986;B01;2;1;0;2;7;15;5;
202300033037;155 621 976;B01;3;1;0;2;8;19;5;
202300033041;155 621 970;B01;1;1;0;2;1;1;5;
202300033053;155 621 952;A01;1;1;0;2;1;1;5;
202300033056;155 621 946;A01;2;1;0;2;1;15;5;
202300033058;155 621 941;B01;1;1;0;2;1;1;5;
202300033061;155 621 936;B01;1;1;0;2;1;1;5;
202300033071;155 621 920;B01;1;80;0;2;3;1;3;
202300033074;155 621 917;B01;1;80;14;0;4;1;3;
202300033076;155 621 913;A01;2;1;0;0;2;15;5;
202300033091;155 621 884;B01;1;1;0;2;4;14;5;
202300033093;155 621 882;B01;3;1;0;2;1;1;5;
202300033094;155 621 879;A01;2;1;0;1;1;2;5;
202300033114;155 621 844;A01;3;1;0;1;1;1;5;
202300033130;155 621 820;B01;1;1;0;2;1;1;5;
202300033141;155 621 800;B01;3;1;0;2;0;19;5;
202300033163;155 621 760;B01;1;1;0;2;7;15;5;
202300033165;155 621 756;B01;2;1;0;2;8;1;5;
202300033171;155 621 743;B01;1;1;0;2;7;1;5;
202300033176;155 621 729;B01;3;1;0;2;1;1;5;
202300033182;155 621 715;A01;2;1;12;0;0;25;5;
202300033190;155 621 698;C01;2;1;13;2;4;1;5;
202300033200;155 621 683;A01;1;1;0;2;4;19;5;
202300033203;155 621 677;B01;1;1;0;2;8;1;5;
202300033205;155 621 674;B01;3;1;0;2;7;1;5;
202300033208;155 621 669;B01;1;80;0;2;7;19;3;
202300033209;155 621 668;B01;1;1;0;2;1;1;5;
202300033221;155 621 647;A01;1;1;0;2;2;15;5;
202300033233;155 621 627;B01;3;1;0;2;1;1;5;
202300033239;155 621 615;A01;1;1;0;0;0;21;5;
202300033240;155 621 614;A01;2;1;0;1;1;1;5;