Num_Acc;id_vehicule;num_veh;senc;catv;obs;obsm;choc;manv;motor;occutc
202300033241;155 621 612;B01;2;1;0;2;2;1;5;
202300033248;155 621 601;A01;1;1;12;0;3;13;5;
202300033256;155 621 588;B01;1;1;0;2;0;19;5;
202300033267;155 621 573;A01;3;1;0;2;2;2;5;
202300033285;155 621 535;A01;3;1;0;2;8;5;5;
202300033288;155 621 529;B01;3;1;0;2;8;1;5;
202300033289;155 621 527;B01;1;1;0;2;1;2;5;
202300033292;155 621 522;B01;1;1;0;2;1;1;5;
202300033295;155 621 516;B01;3;1;0;2;1;1;5;
202300033301;155 621 507;B01;2;1;0;2;2;1;5;
202300033307;155 621 497;B01;3;80;0;0;0;0;3;
202300033308;155 621 495;B01;1;1;0;2;0;7;5;
202300033310;155 621 492;B01;3;80;0;2;1;1;3;
202300033317;155 621 482;B01;3;1;0;2;8;0;5;
202300033352;155 621 415;B01;3;1;0;2;1;1;5;
202300033370;155 621 379;A01;2;1;0;2;1;1;5;
202300033370;155 621 380;B01;3;80;0;2;1;1;3;
202300033378;155 621 364;B01;1;1;0;2;2;1;5;
202300033386;155 621 352;B01;2;1;0;2;7;1;5;
202300033391;155 621 343;A01;3;1;0;2;3;1;5;
202300033400;155 621 328;B01;1;1;14;0;4;1;5;
202300033403;155 621 324;B01;1;1;0;2;8;2;5;
202300033437;155 621 260;A01;2;1;0;2;1;9;5;
202300033454;155 621 231;A01;1;1;0;2;4;3;5;
202300033481;155 621 183;B01;2;80;0;2;4;1;3;
202300033486;155 621 178;B01;1;1;0;2;1;1;5;
202300033490;155 621 171;B01;3;1;0;2;1;0;5;
202300033494;155 621 164;A01;3;1;0;2;2;19;5;
202300033498;155 621 156;B01;1;1;0;0;8;15;5;
202300033501;155 621 152;B01;1;1;0;2;1;1;5;
202300033503;155 621 148;A01;2;80;0;2;1;5;3;
202300033506;155 621 144;B01;3;80;0;2;3;15;3;
202300033509;155 621 138;B01;1;1;0;0;4;2;5;
202300033511;155 621 135;B01;1;1;0;0;0;1;5;
202300033516;155 621 125;B01;2;1;0;2;1;1;5;
202300033529;155 621 102;B01;1;1;0;2;8;1;5;
202300033567;155 621 043;A01;2;1;0;2;1;5;5;
202300033576;155 621 029;B01;2;80;0;2;1;2;3;
202300033578;155 621 022;B01;2;1;0;2;1;5;5;
202300033578;155 621 023;A01;2;1;0;2;4;21;5;
202300033590;155 621 004;B01;1;1;0;2;4;1;5;
202300033590;155 621 006;C01;1;1;0;2;1;2;5;
202300033595;155 620 995;A01;2;1;0;2;4;1;5;
202300033597;155 620 989;B01;1;80;0;2;4;2;3;
202300033600;155 620 983;A01;1;1;0;2;2;16;5;
202300033602;155 620 980;B01;3;1;0;2;0;19;5;
202300033605;155 620 975;Z01;1;1;0;1;2;1;5;
202300033610;155 620 968;B01;1;80;0;2;1;1;3;
202300033615;155 620 961;A01;1;1;0;1;7;1;5;
202300033619;155 620 957;B01;3;1;0;0;0;1;5;
202300033653;155 620 900;B01;1;1;0;2;1;5;5;
202300033675;155 620 867;B01;1;1;0;2;1;1;5;
202300033681;155 620 858;A01;1;80;0;2;2;14;3;
202300033681;155 620 861;B01;1;80;0;2;8;2;3;
202300033697;155 620 823;B01;1;1;0;2;7;2;5;
202300033703;155 620 820;B01;2;1;0;2;1;1;5;
202300033716;155 620 797;B01;1;1;0;2;8;1;5;
202300033720;155 620 790;B01;2;1;0;2;4;1;5;
202300033739;155 620 747;B01;0;1;0;2;5;1;5;
202300033758;155 620 715;A01;1;1;0;2;1;0;5;
202300033762;155 620 712;A01;1;1;0;2;1;1;5;
202300033770;155 620 697;A01;2;1;0;2;6;19;5;
202300033771;155 620 698;A01;1;1;0;1;1;1;5;
202300033778;155 620 683;B01;2;1;0;2;2;1;5;
202300033793;155 620 653;A01;2;1;0;0;0;1;5;
202300033795;155 620 651;A01;3;1;0;2;1;1;5;
202300033796;155 620 656;B01;2;1;0;2;1;1;5;
202300033797;155 620 648;A01;2;1;0;0;8;21;5;
202300033798;155 620 649;B01;1;80;0;2;1;1;3;
202300033806;155 620 631;B01;3;1;0;2;1;1;5;
202300033809;155 620 626;Z01;1;1;0;2;1;2;5;
202300033809;155 620 627;A01;1;1;0;2;3;19;5;
202300033814;155 620 617;A01;2;80;0;1;1;5;3;
202300033823;155 620 602;B01;1;80;0;2;2;1;3;
202300033836;155 620 582;B01;1;1;0;2;1;1;5;
202300033838;155 620 575;Y01;1;1;0;2;8;1;5;
202300033841;155 620 568;B01;3;1;0;2;4;16;5;
202300033851;155 620 550;A01;0;1;0;1;1;1;5;
202300033856;155 620 547;B01;0;1;0;0;0;0;5;
202300033865;155 620 532;B01;1;1;0;0;8;1;5;
202300033902;155 620 462;A01;3;1;0;0;0;1;5;
202300033923;155 620 424;A01;1;80;0;1;1;1;3;
202300033953;155 620 380;A01;2;1;0;0;0;1;5;
202300033969;155 620 352;B01;1;1;0;2;4;1;5;
202300033977;155 620 338;B01;2;1;0;2;7;5;5;
202300033978;155 620 332;B01;2;1;0;2;1;2;5;
202300034000;155 620 296;A01;1;80;0;2;1;1;3;
202300034050;155 620 207;B01;2;1;0;0;8;26;5;
202300034070;155 620 173;B01;2;1;0;2;3;0;5;
202300034093;155 620 133;A01;1;1;0;0;0;1;5;
202300034096;155 620 126;A01;2;1;6;0;3;1;5;
202300034153;155 620 024;A01;3;1;0;2;2;1;5;
202300034179;155 619 981;A01;2;80;0;0;1;0;3;
202300034185;155 619 969;A01;1;1;9;0;1;16;5;
202300034224;155 619 893;B01;2;1;0;2;4;1;5;
202300034227;155 619 887;A01;1;80;0;2;3;13;3;
202300034230;155 619 882;B01;2;1;0;2;2;19;5;
202300034244;155 619 863;B01;2;80;1;0;1;1;3;
202300034259;155 619 835;A01;0;1;0;0;0;1;5;
202300034264;155 619 824;B01;2;1;0;2;4;1;5;
202300034305;155 619 759;A01;1;1;0;2;1;1;5;
202300034305;155 619 761;Z01;2;1;0;2;1;13;5;
202300034314;155 619 740;B01;2;1;0;2;1;15;5;
202300034321;155 619 726;A01;2;1;6;0;1;0;5;
202300034327;155 619 716;B01;1;1;0;2;0;0;5;
202300034332;155 619 712;B01;2;1;0;2;8;1;5;
202300034333;155 619 705;A01;2;1;0;2;0;1;5;
202300034349;155 619 683;B01;2;1;0;2;0;1;5;
202300034366;155 619 656;B01;3;1;0;2;0;0;5;
202300034381;155 619 632;B01;1;1;0;2;2;1;5;
202300034382;155 619 630;B01;2;1;0;2;1;19;5;
202300034395;155 619 606;A01;2;1;0;1;1;1;5;
202300034455;155 619 510;A01;2;80;0;1;1;1;3;
202300034465;155 619 486;B01;2;1;0;2;7;1;5;
202300034473;155 619 476;B01;1;1;0;2;1;1;5;
202300034486;155 619 451;B01;3;1;0;2;8;19;5;
202300034526;155 619 379;B01;2;1;0;2;8;2;5;
202300034532;155 619 370;A01;2;1;0;2;1;13;5;
202300034555;155 619 328;A01;1;1;0;2;1;1;5;
202300034557;155 619 324;A01;2;1;0;1;8;1;5;
202300034560;155 619 319;B01;1;1;0;2;8;1;5;
202300034572;155 619 300;A01;3;1;0;5;8;1;5;
202300034582;155 619 287;B01;1;1;0;2;0;2;5;
202300034626;155 619 212;A01;3;1;0;1;1;25;5;
202300034633;155 619 200;B01;1;1;0;0;4;1;5;
202300034661;155 619 146;B01;1;1;0;2;0;1;5;
202300034672;155 619 123;B01;2;80;0;9;0;0;3;
202300034676;155 619 115;B01;2;1;0;2;1;1;5;
202300034687;155 619 100;B01;0;1;0;2;7;1;5;
202300034693;155 619 088;A01;2;80;0;1;1;1;3;
202300034695;155 619 085;B01;3;80;14;2;1;1;3;
202300034695;155 619 086;A01;1;1;14;2;1;1;5;
202300034767;155 618 947;B01;2;1;1;0;1;1;5;
202300034780;155 618 926;B01;3;1;0;2;8;1;5;
202300034786;155 618 918;B01;3;1;0;2;1;2;5;
202300034790;155 618 913;B01;0;1;0;2;3;1;5;
202300034806;155 618 884;B01;1;1;0;2;7;14;5;
202300034818;155 618 865;B01;2;80;0;2;3;1;3;
202300034822;155 618 859;A01;3;1;16;0;0;1;5;
202300034828;155 618 850;B01;1;1;0;2;0;1;5;
202300034832;155 618 846;B01;1;1;1;0;8;18;5;
202300034836;155 618 837;B01;1;80;0;2;3;1;3;
202300034842;155 618 826;B01;1;1;0;2;4;2;5;
202300034844;155 618 823;B01;2;1;0;2;4;1;5;
202300034857;155 618 798;B01;3;1;0;2;1;1;5;
202300034863;155 618 786;B01;1;1;0;0;8;19;5;
202300034895;155 618 736;B01;2;1;0;2;1;5;5;
202300034920;155 618 685;A01;3;1;0;0;3;1;5;
202300034946;155 618 630;B01;2;1;0;2;8;1;0;
202300034947;155 618 626;B01;0;1;0;2;7;1;5;
202300034962;155 618 597;C01;3;1;0;2;1;1;5;
202300034969;155 618 582;B01;3;1;0;2;7;15;5;
202300034976;155 618 567;B01;3;1;0;2;7;14;5;
202300035021;155 618 490;B01;1;1;0;0;0;0;5;
202300035042;155 618 455;A01;2;1;0;2;7;13;5;
202300035046;155 618 446;B01;1;1;0;2;1;1;5;
202300035059;155 618 426;A01;3;1;12;0;1;1;5;
202300035061;155 618 422;A01;2;1;0;2;8;17;5;
202300035067;155 618 413;B01;3;1;0;2;7;1;5;
202300035069;155 618 406;C01;2;1;0;2;8;2;5;
202300035069;155 618 409;B01;1;1;0;2;8;2;5;
202300035089;155 618 371;A01;2;1;0;2;1;12;5;
202300035095;155 618 359;A01;1;1;0;2;8;1;5;
202300035102;155 618 346;B01;1;80;0;2;8;1;3;
202300035105;155 618 343;A01;2;80;0;2;4;1;3;
202300035107;155 618 341;A01;1;1;0;2;8;1;5;
202300035117;155 618 325;B01;1;1;0;2;1;1;5;
202300035117;155 618 326;A01;1;1;0;2;1;13;5;
202300035123;155 618 315;B01;3;1;0;2;1;1;5;
202300035148;155 618 259;A01;2;1;0;1;8;1;5;
202300035159;155 618 245;A01;2;1;0;1;1;1;5;
202300035160;155 618 244;A01;2;1;0;0;0;1;5;
202300035163;155 618 240;A01;2;1;0;2;8;7;5;
202300035200;155 618 166;Y01;1;1;0;2;1;13;5;
202300035233;155 618 114;B01;3;80;0;2;3;19;3;
202300035247;155 618 095;A01;1;1;0;2;1;1;5;
202300035276;155 618 043;A01;3;1;1;2;8;17;5;
202300035281;155 618 037;B01;1;1;0;2;1;1;5;
202300035286;155 618 028;A01;3;80;0;2;1;1;3;
202300035289;155 618 022;A01;1;1;9;1;1;2;5;
202300035290;155 618 021;B01;1;1;0;2;1;1;0;
202300035303;155 617 997;B01;1;1;0;2;4;2;5;
202300035312;155 617 981;B01;1;1;0;0;0;0;5;
202300035312;155 617 982;A01;1;1;0;0;0;0;5;
202300035315;155 617 977;B01;1;1;0;2;0;1;5;
202300035322;155 617 961;B01;3;1;0;2;0;1;5;
202300035323;155 617 959;B01;2;1;0;2;5;2;5;
202300035330;155 617 944;B01;3;1;0;2;7;1;5;
202300035332;155 617 940;A01;2;1;0;2;3;15;5;
202300035335;155 617 936;B01;1;1;1;0;7;1;5;
202300035351;155 617 911;B01;3;1;0;2;1;1;5;
202300035354;155 617 905;B01;1;1;0;2;8;9;5;
202300035360;155 617 896;B01;3;1;0;2;1;1;5;
202300035364;155 617 887;B01;3;1;0;2;1;1;5;
202300035382;155 617 859;B01;1;1;0;1;1;2;5;
202300035384;155 617 855;B01;1;1;0;2;4;9;5;
202300035402;155 617 823;B01;1;1;0;2;1;1;5;
202300035404;155 617 820;A01;1;1;0;2;1;1;5;
202300035405;155 617 818;B01;1;1;0;2;0;1;5;
202300035409;155 617 809;B01;1;1;1;0;1;1;5;
202300035412;155 617 804;B01;1;1;0;2;0;0;5;
202300035419;155 617 791;C01;1;1;0;2;1;5;5;
202300035421;155 617 787;B01;2;1;14;0;8;2;5;
202300035425;155 617 778;B01;1;1;0;2;1;1;5;
202300035436;155 617 759;B01;2;1;0;2;7;17;5;
202300035437;155 617 757;B01;2;1;0;2;8;1;5;
202300035450;155 617 735;B01;0;1;0;2;8;1;5;
202300035462;155 617 716;B01;0;1;0;2;7;19;5;
202300035496;155 617 648;B01;2;80;0;2;7;1;3;
202300035506;155 617 630;B01;0;80;0;2;1;2;3;
202300035510;155 617 619;A01;3;1;0;2;2;19;5;
202300035512;155 617 616;B01;2;1;0;2;3;1;5;
202300035514;155 617 610;A01;2;1;1;0;1;1;5;
202300035517;155 617 606;A01;2;80;0;1;1;1;3;
202300035524;155 617 590;Z01;1;1;0;2;2;1;5;
202300035537;155 617 567;B01;1;1;0;2;1;1;5;
202300035545;155 617 552;B01;3;1;0;2;2;0;5;
202300035547;155 617 549;B01;1;80;0;2;3;1;3;
202300035549;155 617 545;B01;1;1;0;2;0;0;5;
202300035551;155 617 542;B01;3;1;0;2;1;17;5;
202300035554;155 617 534;B01;3;1;0;2;0;0;5;
202300035567;155 617 510;B01;2;1;0;2;8;2;5;
202300035569;155 617 508;B01;3;1;0;2;1;1;5;
202300035594;155 617 466;A01;2;1;0;2;1;5;5;
202300035605;155 617 446;A01;2;80;0;2;1;1;3;
202300035611;155 617 436;B01;0;1;2;2;2;1;5;
202300035617;155 617 421;B01;2;1;0;2;1;2;5;
202300035618;155 617 425;B01;2;1;0;2;1;1;5;
202300035645;155 617 371;A01;2;1;0;2;2;1;5;
202300035649;155 617 363;B01;3;1;0;2;1;1;5;
202300035652;155 617 358;B01;3;1;0;2;1;1;5;
202300035657;155 617 346;A01;1;80;0;0;0;13;3;
202300035662;155 617 336;B01;1;1;0;2;1;0;5;
202300035667;155 617 329;B01;1;1;0;2;1;1;5;
202300035705;155 617 257;B01;1;1;0;2;1;1;5;
202300035721;155 617 226;A01;2;80;0;2;8;15;3;
202300035727;155 617 218;B01;1;1;0;2;1;1;5;
202300035735;155 617 205;B01;3;1;0;2;1;1;5;
202300035737;155 617 204;B01;2;1;0;2;1;2;5;
202300035743;155 617 195;B01;1;1;0;2;3;15;5;
202300035745;155 617 189;B01;2;1;0;2;3;1;5;
202300035755;155 617 174;A01;1;1;1;2;3;9;5;
202300035755;155 617 175;B01;2;1;0;2;1;1;5;
202300035762;155 617 160;B01;1;1;0;0;0;0;5;
202300035781;155 617 123;A01;2;1;0;1;1;1;5;
202300035785;155 617 122;B01;3;1;0;2;1;1;5;
202300035790;155 617 108;A01;1;1;14;0;7;14;5;
202300035799;155 617 090;B01;2;80;1;0;1;1;5;
202300035822;155 617 050;B01;3;1;0;2;0;1;5;
202300035828;155 617 038;B01;2;1;0;2;1;15;5;
202300035829;155 617 035;A01;3;1;0;1;1;15;5;
202300035849;155 617 001;A01;1;1;0;2;3;1;5;
202300035861;155 616 982;B01;3;1;0;2;7;0;5;
202300035871;155 616 961;A01;0;1;0;2;0;1;5;
202300035871;155 616 967;B01;3;1;0;0;0;0;5;
202300035872;155 616 966;B01;1;1;0;0;4;2;5;
202300035878;155 616 953;B01;0;1;1;0;0;1;5;
202300035883;155 616 946;A01;1;1;0;2;1;5;5;
202300035883;155 616 948;B01;1;1;0;2;1;5;5;
202300035890;155 616 930;A01;3;1;0;0;2;1;5;
202300035892;155 616 924;A01;3;1;0;9;0;0;5;
202300035900;155 616 914;A01;3;1;0;1;1;0;5;
202300035902;155 616 913;A01;3;1;0;1;1;25;5;
202300035924;155 616 876;B01;3;80;0;0;8;13;3;
202300035932;155 616 859;B01;1;1;0;0;1;1;5;
202300035962;155 616 806;A01;3;1;0;2;1;13;5;
202300035979;155 616 782;A01;1;1;0;0;1;1;5;
202300035985;155 616 780;B01;1;1;0;2;1;1;5;
202300035987;155 616 766;B01;3;1;0;2;8;9;5;
202300035994;155 616 759;A01;1;1;0;2;1;2;5;
202300035996;155 616 752;B01;2;1;0;2;1;15;5;
202300036000;155 616 745;A01;1;1;0;0;7;1;5;
202300036002;155 616 746;B01;1;1;0;2;1;2;5;
202300036005;155 616 739;A01;3;80;6;0;1;1;3;
202300036010;155 616 736;B01;1;1;0;2;5;1;5;
202300036011;155 616 729;A01;1;80;0;0;0;21;3;
202300036013;155 616 728;A01;3;1;0;1;1;1;5;
202300036018;155 616 713;B01;2;80;0;2;4;2;3;
202300036022;155 616 708;B01;1;1;0;2;8;19;5;
202300036038;155 616 683;A01;0;1;0;2;1;2;5;
202300036060;155 616 647;B01;3;1;0;2;8;19;5;
202300036075;155 616 619;B01;1;1;0;2;1;1;5;
202300036084;155 616 595;B01;2;1;0;2;1;1;5;
202300036089;155 616 584;B01;1;1;0;2;1;5;5;
202300036091;155 616 582;B01;3;1;0;0;4;2;5;
202300036145;155 616 483;B01;1;1;0;2;7;2;5;
202300036160;155 616 458;B01;1;1;0;0;4;2;5;
202300036207;155 616 362;A01;2;1;0;2;8;18;5;
202300036212;155 616 350;A01;1;1;0;2;1;1;5;
202300036213;155 616 346;B01;1;1;0;2;3;2;5;
202300036214;155 616 348;B01;1;1;0;2;7;2;5;
202300036228;155 616 321;A01;1;1;0;0;7;1;5;
202300036232;155 616 312;A01;3;1;0;2;1;19;5;
202300036236;155 616 309;B01;3;80;0;2;8;1;3;
202300036260;155 616 261;B01;1;1;0;2;8;1;5;
202300036261;155 616 260;A01;2;80;0;2;1;1;3;
202300036267;155 616 250;B01;3;80;0;2;8;1;3;
202300036269;155 616 245;A01;2;1;0;2;8;1;5;
202300036269;155 616 246;B01;1;80;0;2;0;11;3;
202300036272;155 616 241;A01;3;1;0;2;1;1;5;
202300036276;155 616 235;BB01;1;1;0;2;1;0;5;
202300036277;155 616 236;B01;1;1;0;2;1;1;5;
202300036290;155 616 217;B01;2;1;0;2;1;1;5;
202300036292;155 616 214;B01;2;1;0;2;8;19;5;
202300036299;155 616 204;B01;3;1;0;0;7;1;5;
202300036306;155 616 192;B01;1;1;0;2;0;0;5;
202300036307;155 616 189;A01;1;1;0;0;1;14;5;
202300036310;155 616 186;A01;2;1;0;0;1;1;5;
202300036317;155 616 177;B01;1;1;0;2;4;2;5;
202300036321;155 616 168;B01;1;1;0;2;2;11;5;
202300036323;155 616 165;B01;1;1;0;2;2;1;5;
202300036346;155 616 126;B01;2;1;0;0;0;2;5;
202300036346;155 616 129;A01;2;1;0;0;0;2;5;
202300036350;155 616 117;A01;1;1;0;2;1;25;5;
202300036360;155 616 100;B01;3;80;0;2;7;1;3;
202300036380;155 616 066;B01;3;1;0;2;1;3;5;
202300036382;155 616 058;B01;3;1;0;2;1;0;5;
202300036399;155 616 032;B01;2;1;0;2;8;16;5;
202300036406;155 616 019;B01;2;80;0;2;1;0;3;
202300036410;155 616 012;A01;2;80;0;0;0;26;3;
202300036426;155 615 987;A01;1;80;0;0;0;1;3;
202300036429;155 615 982;A01;1;1;0;0;0;1;5;
202300036433;155 615 975;A01;3;1;0;2;7;9;5;
202300036433;155 615 976;B01;3;1;0;2;1;1;5;
202300036436;155 615 969;A01;1;1;0;2;5;2;5;
202300036449;155 615 946;A01;3;1;0;2;1;15;5;
202300036477;155 615 898;A01;1;1;0;2;8;1;5;
202300036482;155 615 891;A01;1;1;0;0;0;1;5;
202300036510;155 615 840;B01;1;1;0;0;0;0;5;
202300036520;155 615 822;B01;3;1;0;2;2;26;5;
202300036537;155 615 797;B01;0;1;0;2;1;1;5;
202300036540;155 615 792;A01;3;1;0;2;0;0;5;
202300036566;155 615 746;A01;1;1;0;2;1;5;5;
202300036572;155 615 734;B01;1;1;0;2;4;1;5;
202300036584;155 615 715;A01;3;1;0;2;1;5;5;
202300036585;155 615 709;A01;2;1;0;2;7;19;5;
202300036589;155 615 705;B01;1;1;0;2;2;1;5;
202300036596;155 615 691;B01;2;80;0;2;4;15;3;
202300036611;155 615 675;B01;2;1;1;0;1;1;5;
202300036615;155 615 663;A01;1;1;0;2;4;2;5;
202300036615;155 615 664;Z01;1;1;0;2;1;2;5;
202300036616;155 615 661;A01;1;1;0;2;7;1;5;
202300036617;155 615 660;A01;2;1;0;2;3;19;5;
202300036621;155 615 651;B01;2;1;0;2;3;1;5;
202300036663;155 615 579;A01;0;1;0;2;0;1;5;
202300036665;155 615 576;B01;3;80;0;2;7;0;3;
202300036695;155 615 522;B01;3;1;0;2;8;2;5;
202300036697;155 615 519;A01;2;1;0;1;0;1;5;
202300036701;155 615 510;B01;1;1;0;2;1;1;5;
202300036706;155 615 499;B01;1;1;0;2;3;0;5;
202300036708;155 615 495;B01;0;1;0;2;8;19;5;
202300036715;155 615 480;B01;3;80;0;2;3;2;3;
202300036739;155 615 438;B01;3;1;0;2;0;1;5;
202300036753;155 615 417;B01;1;1;0;2;1;1;5;
202300036754;155 615 414;A01;2;1;0;2;1;21;5;
202300036755;155 615 412;B01;3;1;0;2;7;1;5;
202300036761;155 615 403;B01;1;1;0;2;8;0;5;
202300036775;155 615 376;A01;1;1;0;1;2;1;5;
202300036799;155 615 335;A01;3;1;0;0;0;1;5;
202300036838;155 615 264;A01;1;80;0;2;8;2;3;
202300036844;155 615 251;B01;1;1;0;2;1;0;5;
202300036847;155 615 246;B01;0;1;0;2;8;0;5;
202300036866;155 615 218;A01;0;1;0;2;8;19;5;
202300036873;155 615 210;B01;1;1;0;2;8;1;5;
202300036877;155 615 202;B01;3;1;0;2;8;9;5;
202300036884;155 615 187;A01;2;1;0;2;1;1;5;
202300036889;155 615 175;B01;2;1;0;2;8;0;5;
202300036923;155 615 121;B01;3;1;0;2;7;19;5;
202300036937;155 615 098;B01;3;1;0;2;1;1;5;
202300036953;155 615 066;B01;2;1;0;2;8;19;5;
202300036958;155 615 057;B01;3;1;0;2;1;1;5;
202300036961;155 615 053;A01;3;1;0;1;7;1;5;
202300036962;155 615 050;B01;2;80;0;2;1;1;3;
202300036970;155 615 035;A01;1;1;0;2;7;1;5;
202300036973;155 615 029;A01;2;1;0;2;4;2;5;
202300036995;155 614 991;A01;1;1;0;2;4;1;5;
202300037000;155 614 981;B01;1;1;0;0;5;1;5;
202300037014;155 614 958;B01;3;1;0;2;8;1;5;
202300037040;155 614 913;A01;2;1;0;1;1;8;5;
202300037044;155 614 907;B01;2;1;0;2;1;15;5;
202300037044;155 614 909;A01;2;1;0;2;0;19;5;
202300037054;155 614 887;B01;1;80;0;2;7;2;3;
202300037060;155 614 878;B01;1;80;1;0;8;1;3;
202300037064;155 614 867;A01;1;1;0;2;8;17;5;
202300037064;155 614 871;B01;1;1;0;2;0;1;5;
202300037071;155 614 855;A01;1;1;0;2;1;1;5;
202300037073;155 614 852;A01;1;1;12;0;2;14;5;
202300037111;155 614 787;B01;3;1;0;2;4;7;5;
202300037117;155 614 777;B01;3;1;0;2;1;26;5;
202300037131;155 614 759;B01;2;1;0;0;4;2;5;
202300037136;155 614 750;A01;1;1;0;1;8;0;5;
202300037137;155 614 748;B01;2;1;0;2;4;1;5;
202300037144;155 614 738;B01;1;1;0;2;4;1;5;
202300037148;155 614 730;B01;3;1;0;2;7;1;5;
202300037162;155 614 702;A01;2;1;0;2;1;2;5;
202300037162;155 614 703;B01;2;1;0;0;4;2;5;
202300037172;155 614 681;A01;3;1;0;2;3;15;5;
202300037181;155 614 666;B01;3;1;0;2;7;1;5;
202300037185;155 614 660;B01;3;1;0;2;1;1;5;
202300037191;155 614 649;A01;1;80;0;2;3;13;3;
202300037198;155 614 629;B01;2;1;0;2;1;1;5;
202300037200;155 614 623;B01;3;1;0;2;1;16;5;
202300037205;155 614 617;A01;1;1;0;2;1;19;5;
202300037206;155 614 614;B01;2;1;0;2;2;26;5;
202300037215;155 614 600;B01;2;1;0;2;3;1;5;
202300037238;155 614 547;B01;1;1;0;2;1;2;5;
202300037264;155 614 499;A01;1;1;12;2;1;2;5;
202300037264;155 614 500;B01;2;1;0;0;4;2;5;
202300037270;155 614 491;B01;1;1;0;2;1;1;5;
202300037294;155 614 454;A01;2;1;14;0;1;1;5;
202300037297;155 614 448;B01;1;1;0;2;4;1;5;
202300037299;155 614 444;B01;3;1;0;2;8;1;5;
202300037309;155 614 424;A01;3;1;0;0;7;1;5;
202300037323;155 614 402;A01;0;1;0;2;2;13;5;
202300037334;155 614 384;A01;3;80;0;0;0;1;3;
202300037350;155 614 360;A01;2;1;0;2;1;1;5;
202300037351;155 614 359;B01;3;1;0;2;4;0;5;
202300037392;155 614 282;B01;2;1;0;2;7;1;5;
202300037415;155 614 245;B01;3;1;0;2;1;9;5;
202300037421;155 614 234;B01;1;80;0;4;1;1;3;
202300037423;155 614 228;A01;2;1;0;2;1;1;5;
202300037426;155 614 223;B01;3;1;0;2;7;0;5;
202300037429;155 614 218;B01;1;1;0;2;3;15;5;
202300037432;155 614 213;A01;3;1;0;2;7;6;5;
202300037442;155 614 196;B01;3;1;0;2;1;1;5;
202300037457;155 614 166;B01;2;1;1;0;7;1;5;
202300037460;155 614 161;B01;1;1;0;2;1;1;5;
202300037460;155 614 162;A01;2;1;0;2;1;14;5;
202300037463;155 614 157;Y01;2;1;0;2;1;1;5;
202300037467;155 614 147;A01;3;1;0;2;1;13;5;
202300037469;155 614 142;B01;2;1;0;2;2;1;5;
202300037470;155 614 140;B01;2;1;0;2;7;1;5;
202300037471;155 614 135;A01;2;1;0;2;1;1;5;
202300037471;155 614 137;Z01;1;1;0;2;1;5;5;
202300037479;155 614 126;A01;2;1;0;2;7;1;5;
202300037480;155 614 123;A01;3;1;0;0;0;21;5;
202300037489;155 614 108;B01;2;80;0;2;2;21;3;
202300037495;155 614 095;A01;3;1;0;2;8;9;5;
202300037498;155 614 091;B01;1;80;0;2;1;1;3;
202300037504;155 614 081;B01;1;1;0;2;8;2;5;
202300037505;155 614 078;A01;2;1;0;2;1;1;5;
202300037505;155 614 080;B01;1;1;0;2;8;15;5;
202300037508;155 614 072;B01;3;1;0;2;0;1;5;
202300037520;155 614 051;A01;1;80;0;1;1;1;3;
202300037528;155 614 042;B01;2;1;0;2;1;1;5;
202300037531;155 614 034;B01;0;1;0;0;1;0;5;
202300037537;155 614 021;B01;3;1;0;2;1;21;5;
202300037538;155 614 020;A01;1;1;1;0;0;0;5;
202300037543;155 614 015;B01;1;1;0;2;8;1;5;
202300037547;155 614 006;A01;3;80;0;1;7;1;3;
202300037570;155 613 962;B01;2;1;0;2;1;13;5;
202300037583;155 613 941;B01;1;1;0;2;4;1;5;
202300037590;155 613 926;A01;3;1;0;2;1;19;5;