Num_Acc;id_vehicule;num_veh;senc;catv;obs;obsm;choc;manv;motor;occutc
202300037601;155 613 910;B01;3;1;0;0;0;0;5;
202300037607;155 613 898;B01;2;1;0;2;1;1;5;
202300037609;155 613 901;B01;2;1;0;2;8;1;5;
202300037621;155 613 873;A01;2;80;0;2;1;5;3;
202300037621;155 613 875;B01;1;80;0;2;1;17;3;
202300037624;155 613 870;A01;1;1;0;4;1;15;5;
202300037631;155 613 855;B01;2;1;0;1;3;1;5;
202300037645;155 613 830;B01;2;1;0;2;2;19;5;
202300037647;155 613 828;B01;3;1;0;2;7;1;5;
202300037651;155 613 818;B01;1;1;0;2;0;1;5;
202300037661;155 613 800;B01;1;1;0;0;4;0;5;
202300037678;155 613 771;A01;2;1;0;2;0;1;5;
202300037693;155 613 743;B01;2;1;0;2;1;1;5;
202300037693;155 613 744;C01;2;1;0;2;1;1;5;
202300037695;155 613 739;B01;1;1;0;2;3;1;5;
202300037696;155 613 738;B01;1;1;0;2;1;2;5;
202300037702;155 613 725;B01;0;1;0;2;1;1;5;
202300037726;155 613 682;B01;2;1;0;2;0;0;5;
202300037738;155 613 659;A01;3;1;0;1;1;1;5;
202300037746;155 613 652;B01;2;1;0;2;1;1;5;
202300037759;155 613 628;B01;2;1;0;2;3;5;5;
202300037760;155 613 625;B01;1;1;0;2;8;19;5;
202300037774;155 613 601;B01;3;1;0;2;7;1;5;
202300037778;155 613 595;B01;1;1;0;2;1;1;5;
202300037779;155 613 591;B01;2;1;0;2;8;1;5;
202300037784;155 613 580;A01;1;80;0;2;2;18;3;
202300037827;155 613 507;B01;1;80;0;0;7;1;3;
202300037831;155 613 503;B01;2;1;0;2;1;1;5;
202300037833;155 613 499;B01;3;1;0;2;8;16;5;
202300037838;155 613 493;B01;2;1;0;2;1;23;5;
202300037853;155 613 469;B01;3;1;0;2;8;1;5;
202300037856;155 613 464;B01;2;1;0;2;1;1;5;
202300037861;155 613 454;B01;2;80;0;2;4;1;3;
202300037879;155 613 425;B01;1;1;0;0;1;1;5;
202300037921;155 613 344;B01;1;1;0;0;7;1;5;
202300037924;155 613 339;B01;1;1;0;2;4;1;5;
202300037931;155 613 326;B01;1;1;0;2;1;14;5;
202300037935;155 613 315;A01;1;1;0;1;1;1;5;
202300037943;155 613 302;B01;3;1;0;2;0;1;5;
202300037943;155 613 305;A01;3;1;0;2;0;17;5;
202300037952;155 613 289;B01;3;1;0;2;1;0;5;
202300037953;155 613 285;B01;1;1;0;0;6;15;5;
202300037955;155 613 283;A01;0;1;0;2;0;1;5;
202300037962;155 613 274;B01;1;1;0;2;4;2;5;
202300037964;155 613 268;B01;2;1;0;2;1;1;5;
202300037990;155 613 213;B01;3;80;0;2;1;1;3;
202300038051;155 613 096;A01;3;1;0;1;1;1;5;
202300038055;155 613 085;A01;3;1;0;1;1;1;5;
202300038058;155 613 081;A01;3;1;0;2;4;2;5;
202300038058;155 613 082;B01;3;1;0;2;1;2;5;
202300038063;155 613 071;B01;2;1;0;2;7;1;5;
202300038066;155 613 068;A01;1;1;0;1;1;1;5;
202300038070;155 613 062;A01;2;1;0;2;1;2;5;
202300038071;155 613 060;A01;1;1;0;2;8;10;5;
202300038082;155 613 041;B01;2;1;0;2;4;2;5;
202300038105;155 612 994;A01;3;80;0;4;7;19;5;
202300038113;155 612 978;A01;1;80;0;0;0;1;3;
202300038119;155 612 969;B01;3;1;0;2;8;19;5;
202300038127;155 612 948;B01;1;1;0;2;2;17;5;
202300038134;155 612 936;A01;1;1;0;2;0;16;5;
202300038135;155 612 931;A01;2;1;0;2;1;1;5;
202300038149;155 612 913;B01;2;1;0;0;4;2;5;
202300038163;155 612 897;B01;3;1;0;2;1;1;5;
202300038171;155 612 883;B01;1;1;1;0;1;1;5;
202300038193;155 612 851;B01;3;1;0;2;3;16;5;
202300038198;155 612 841;B01;1;1;0;2;4;2;5;
202300038198;155 612 843;A01;1;1;0;2;1;2;5;
202300038199;155 612 838;B01;0;1;0;2;1;14;5;
202300038204;155 612 831;B01;1;1;0;2;3;1;5;
202300038207;155 612 825;B01;1;1;0;0;4;2;5;
202300038214;155 612 815;B01;3;1;0;0;4;0;5;
202300038216;155 612 810;A01;1;1;0;0;0;1;5;
202300038227;155 612 797;B01;2;1;0;2;8;1;5;
202300038244;155 612 759;H01;1;1;0;2;4;1;5;
202300038244;155 612 761;D01;1;1;0;2;4;1;5;
202300038244;155 612 763;F01;1;1;0;2;4;1;5;
202300038244;155 612 764;I01;1;1;0;2;4;1;5;
202300038244;155 612 766;G01;1;1;0;2;4;1;5;
202300038244;155 612 768;B01;1;1;0;2;4;1;5;
202300038244;155 612 770;C01;1;1;0;2;4;1;5;
202300038244;155 612 771;E01;1;1;0;2;4;1;5;
202300038250;155 612 751;A01;3;1;0;9;1;1;5;
202300038261;155 612 735;A01;1;1;0;2;1;9;5;
202300038282;155 612 701;A01;3;1;0;2;8;19;5;
202300038319;155 612 629;B01;2;80;0;2;2;1;3;
202300038321;155 612 624;B01;2;1;0;2;0;0;5;
202300038327;155 612 613;B01;2;1;0;2;0;1;5;
202300038327;155 612 615;A01;1;1;0;0;0;13;5;
202300038334;155 612 604;B01;1;1;1;0;1;1;5;
202300038340;155 612 593;B01;1;80;1;0;1;21;3;
202300038345;155 612 582;B01;1;1;13;2;3;1;5;
202300038347;155 612 580;A01;1;1;0;0;0;1;5;
202300038351;155 612 574;B01;1;1;0;2;6;16;5;
202300038391;155 612 504;D01;1;1;0;2;8;19;5;
202300038407;155 612 478;B01;1;1;0;2;1;1;5;
202300038426;155 612 444;B01;1;1;0;2;4;1;5;
202300038493;155 612 337;A01;2;1;1;2;1;1;5;
202300038507;155 612 297;B01;2;1;0;2;1;5;5;
202300038510;155 612 293;B01;2;1;0;2;2;1;5;
202300038541;155 612 242;B01;1;1;0;2;8;1;5;
202300038555;155 612 214;B01;1;1;0;2;7;9;5;
202300038564;155 612 199;A01;3;80;14;0;1;9;3;
202300038572;155 612 184;A01;1;80;3;0;2;1;3;
202300038574;155 612 180;B01;3;80;0;2;1;16;3;
202300038580;155 612 171;A01;3;1;5;2;3;1;5;
202300038580;155 612 172;B01;3;1;0;2;1;1;5;
202300038584;155 612 167;A01;3;80;12;0;1;1;3;
202300038587;155 612 163;B01;1;1;0;2;2;19;5;
202300038601;155 612 137;A01;2;1;0;2;0;0;5;
202300038622;155 612 101;A01;2;1;0;2;4;1;5;
202300038657;155 612 038;A01;1;1;0;2;1;1;5;
202300038730;155 611 915;A01;1;80;0;2;2;2;3;
202300038732;155 611 910;B01;2;1;0;2;1;1;5;
202300038733;155 611 908;B01;1;1;0;2;1;1;5;
202300038735;155 611 904;B01;3;1;0;2;1;1;5;
202300038736;155 611 902;A01;1;1;0;1;1;1;5;
202300038771;155 611 852;B01;3;1;0;2;7;9;5;
202300038776;155 611 841;B01;2;1;0;0;6;1;5;
202300038783;155 611 826;B01;2;1;0;0;4;1;5;
202300038793;155 611 810;A01;3;1;0;0;0;0;5;
202300038799;155 611 801;B01;1;1;0;0;7;1;5;
202300038800;155 611 797;B01;2;1;0;2;4;1;5;
202300038807;155 611 791;B01;2;1;0;2;0;19;5;
202300038826;155 611 741;A01;2;1;0;0;0;2;5;
202300038834;155 611 728;A01;3;80;0;1;8;1;3;
202300038851;155 611 700;B01;2;1;0;2;6;15;5;
202300038915;155 611 578;D01;1;1;0;2;6;1;0;
202300038936;155 611 536;B01;1;80;0;2;1;0;3;
202300038943;155 611 524;A01;3;1;0;2;8;15;5;
202300038945;155 611 517;A01;1;1;0;2;4;23;5;
202300038945;155 611 518;B01;1;1;0;2;4;23;5;
202300038948;155 611 509;B01;3;1;0;2;1;19;5;
202300038953;155 611 500;B01;3;1;0;2;8;19;5;
202300038964;155 611 477;B01;1;1;0;0;1;0;5;
202300038992;155 611 432;A01;1;80;0;1;1;1;3;
202300038995;155 611 428;B01;1;80;0;2;4;1;3;
202300038997;155 611 425;A01;1;80;0;0;0;21;3;
202300038999;155 611 422;Z01;2;80;0;1;8;1;3;
202300039000;155 611 421;B01;0;1;0;2;8;1;5;
202300039026;155 611 372;A01;2;1;0;0;0;26;5;
202300039029;155 611 367;A01;1;80;0;0;1;1;3;
202300039031;155 611 363;B01;2;1;0;2;1;1;5;
202300039034;155 611 357;B01;2;1;0;2;1;1;5;
202300039036;155 611 354;B01;1;80;0;2;1;1;3;
202300039040;155 611 346;A01;1;80;0;2;7;1;3;
202300039043;155 611 342;A01;1;1;12;0;0;14;5;
202300039044;155 611 339;A01;1;1;0;2;1;2;5;
202300039044;155 611 341;B01;1;80;0;2;4;23;3;
202300039048;155 611 333;A01;3;1;0;1;1;25;5;
202300039049;155 611 332;B01;2;80;0;2;1;1;3;
202300039050;155 611 328;B01;2;1;0;2;0;1;5;
202300039054;155 611 322;B01;1;1;0;2;6;15;5;
202300039066;155 611 302;B01;2;1;0;2;1;1;5;
202300039075;155 611 285;A01;3;1;0;2;4;2;5;
202300039076;155 611 284;A01;2;1;0;0;0;1;5;
202300039077;155 611 283;B01;1;1;0;2;6;0;5;
202300039078;155 611 281;C01;1;1;0;2;0;0;5;
202300039090;155 611 257;B01;0;1;0;2;1;1;5;
202300039095;155 611 249;B01;1;80;0;2;1;23;3;
202300039105;155 611 229;B01;3;1;0;9;0;1;5;
202300039106;155 611 228;B01;2;1;0;2;7;1;5;
202300039128;155 611 190;B01;3;1;0;2;8;9;5;
202300039144;155 611 158;B01;1;1;0;2;7;1;5;
202300039146;155 611 155;B01;1;1;0;2;1;1;5;
202300039160;155 611 130;A01;1;1;1;0;1;1;5;
202300039168;155 611 116;A01;2;80;0;1;1;21;3;
202300039170;155 611 114;A01;1;80;0;2;1;2;3;
202300039172;155 611 110;B01;2;80;0;2;1;1;3;
202300039184;155 611 085;B01;0;1;0;2;7;19;5;
202300039187;155 611 079;B01;2;1;0;0;3;13;5;
202300039212;155 611 037;B01;2;1;0;2;2;2;5;
202300039230;155 611 006;A01;1;1;0;2;1;2;5;
202300039234;155 611 000;B01;1;1;0;2;8;2;5;
202300039262;155 610 945;B01;2;1;0;2;1;1;5;
202300039278;155 610 918;A01;3;80;0;5;9;21;3;
202300039279;155 610 916;A01;2;1;0;2;1;1;5;
202300039281;155 610 913;B01;3;1;0;2;0;1;5;
202300039286;155 610 903;A01;1;1;0;2;1;1;5;
202300039289;155 610 899;B01;3;1;0;2;1;19;5;
202300039304;155 610 869;B01;2;1;0;2;3;1;5;
202300039331;155 610 816;B01;3;1;0;2;2;1;5;
202300039354;155 610 767;B01;1;1;0;2;1;0;5;
202300039358;155 610 756;B01;1;1;0;2;1;1;5;
202300039372;155 610 730;B01;1;1;0;2;8;1;5;
202300039377;155 610 721;A01;2;1;0;2;1;15;5;
202300039387;155 610 703;B01;1;80;0;2;6;1;3;
202300039391;155 610 695;B01;3;1;0;2;5;1;5;
202300039394;155 610 690;B01;1;1;0;2;1;15;5;
202300039401;155 610 675;B01;2;1;0;2;1;15;5;
202300039403;155 610 671;A01;1;1;0;2;1;5;5;
202300039405;155 610 667;Z01;3;1;0;1;1;1;5;
202300039406;155 610 666;A01;2;1;12;0;1;13;5;
202300039407;155 610 664;A01;1;1;0;2;1;1;5;
202300039408;155 610 662;B01;1;1;0;2;1;1;5;
202300039409;155 610 661;A01;2;1;0;1;1;1;5;
202300039410;155 610 659;A01;2;1;0;2;8;1;5;
202300039415;155 610 651;B01;1;1;0;2;4;23;5;
202300039448;155 610 597;B01;1;1;0;2;1;1;5;
202300039468;155 610 564;B01;1;1;0;2;8;15;5;
202300039476;155 610 552;B01;1;1;0;2;1;1;5;
202300039479;155 610 548;B01;3;1;0;2;1;5;5;
202300039512;155 610 488;B01;3;1;0;2;4;1;5;
202300039526;155 610 461;A01;1;1;0;2;1;5;5;
202300039538;155 610 435;B01;3;80;0;2;2;19;3;
202300039550;155 610 414;B01;3;1;0;2;8;19;5;
202300039562;155 610 395;A01;0;1;0;1;1;1;5;
202300039570;155 610 382;B01;1;1;0;2;1;0;5;
202300039594;155 610 344;A01;1;1;0;2;4;1;5;
202300039595;155 610 341;B01;3;1;8;2;8;19;5;
202300039602;155 610 330;B01;1;1;0;2;4;2;5;
202300039613;155 610 316;A01;1;1;0;2;1;18;5;
202300039617;155 610 308;A01;2;80;0;2;1;16;3;
202300039646;155 610 257;B01;3;1;0;2;1;17;5;
202300039650;155 610 248;A01;0;1;0;0;0;0;5;
202300039651;155 610 247;B01;1;1;0;2;8;1;5;
202300039658;155 610 234;B01;1;1;1;0;7;1;5;
202300039662;155 610 228;A01;1;1;15;0;0;1;5;
202300039693;155 610 166;B01;2;1;1;0;7;1;0;
202300039719;155 610 115;B01;3;1;9;2;8;26;5;
202300039722;155 610 110;B01;1;1;0;2;3;14;5;
202300039735;155 610 088;A01;2;1;0;2;6;19;5;
202300039738;155 610 082;A01;1;1;0;2;1;15;5;
202300039741;155 610 080;A01;3;1;0;2;2;19;5;
202300039745;155 610 073;A01;2;1;0;2;1;1;5;
202300039748;155 610 069;B01;2;1;0;2;0;0;5;
202300039748;155 610 070;C01;2;1;0;2;2;1;5;
202300039761;155 610 043;B01;1;1;0;2;4;2;5;
202300039772;155 610 023;A01;3;1;0;0;1;1;5;
202300039779;155 610 013;B01;2;1;0;0;8;1;5;
202300039780;155 610 006;B01;1;1;0;2;1;1;5;
202300039799;155 609 976;B01;3;1;0;2;0;0;5;
202300039813;155 609 950;A01;2;80;0;1;1;1;3;
202300039816;155 609 943;B01;2;1;0;2;1;21;5;
202300039819;155 609 937;A01;1;1;0;2;8;10;5;
202300039827;155 609 924;A01;1;80;0;1;1;1;3;
202300039835;155 609 913;B01;2;1;0;2;1;1;5;
202300039845;155 609 893;B01;2;1;0;2;1;5;5;
202300039846;155 609 894;B01;3;80;0;2;1;1;3;
202300039848;155 609 887;B01;2;1;0;2;7;15;5;
202300039849;155 609 886;A01;1;80;9;0;1;1;3;
202300039852;155 609 883;A01;2;1;12;0;1;25;5;
202300039863;155 609 860;A01;3;1;0;2;1;26;5;
202300039873;155 609 845;B01;1;1;0;2;7;19;5;
202300039875;155 609 842;B01;0;80;0;2;6;19;3;
202300039877;155 609 837;A01;1;1;0;2;1;1;5;
202300039888;155 609 817;B01;2;1;0;2;1;2;5;
202300039897;155 609 799;B01;1;1;1;0;1;1;5;
202300039915;155 609 770;B01;1;1;0;2;1;5;5;
202300039916;155 609 769;B01;2;1;13;0;6;1;5;
202300039925;155 609 752;A01;2;80;0;2;7;25;3;
202300039930;155 609 743;A01;3;1;0;0;0;0;5;
202300039933;155 609 741;B01;0;80;0;2;8;1;3;
202300039968;155 609 679;B01;1;1;0;2;8;1;5;
202300039977;155 609 662;A01;1;1;0;1;1;1;5;
202300039983;155 609 651;B01;3;1;0;2;7;19;5;
202300039987;155 609 643;B01;1;80;0;2;7;15;3;
202300039991;155 609 635;A01;1;1;0;0;0;1;5;
202300039995;155 609 628;B01;3;1;0;2;1;1;5;
202300039998;155 609 624;A01;1;1;0;2;2;13;0;
202300040022;155 609 583;B01;1;1;0;2;4;2;5;
202300040024;155 609 580;A01;1;1;0;2;7;21;5;
202300040038;155 609 558;B01;2;1;0;2;1;1;0;
202300040050;155 609 533;B01;2;1;0;0;1;2;5;
202300040054;155 609 525;B01;1;1;1;2;1;1;5;
202300040065;155 609 505;B01;2;1;0;2;0;0;5;
202300040067;155 609 502;A01;2;80;0;2;1;1;3;
202300040069;155 609 496;A01;2;80;0;1;1;1;3;
202300040079;155 609 483;B01;2;1;1;2;8;2;5;
202300040090;155 609 461;B01;1;1;0;2;2;1;5;
202300040149;155 609 354;B01;1;1;0;2;0;1;5;
202300040151;155 609 349;B01;2;1;0;2;0;0;5;
202300040154;155 609 346;B01;3;80;0;2;8;19;3;
202300040161;155 609 336;B01;1;1;0;2;8;9;5;
202300040165;155 609 327;B01;1;1;0;2;4;1;5;
202300040173;155 609 311;A01;2;1;6;0;1;0;5;
202300040174;155 609 313;A01;2;1;0;2;8;19;5;
202300040177;155 609 305;B01;1;1;0;2;1;1;5;
202300040182;155 609 297;A01;1;1;0;2;6;15;5;
202300040188;155 609 286;B01;1;1;0;2;1;1;5;
202300040191;155 609 281;Z01;1;1;0;2;0;16;5;
202300040191;155 609 283;A01;2;1;0;2;2;1;5;
202300040198;155 609 270;B01;1;1;0;2;7;19;5;
202300040200;155 609 266;A01;2;80;1;0;1;2;3;
202300040201;155 609 265;B01;1;1;0;2;8;1;5;
202300040206;155 609 255;A01;1;1;0;2;7;1;5;
202300040206;155 609 257;Z01;1;1;0;2;8;15;5;
202300040235;155 609 205;B01;0;1;0;0;0;0;5;
202300040258;155 609 166;A01;2;1;10;0;0;0;5;
202300040287;155 609 117;B01;0;1;0;2;7;0;5;
202300040296;155 609 103;A01;2;1;0;2;1;16;5;
202300040314;155 609 077;B01;2;1;0;2;8;2;5;
202300040354;155 608 999;A01;1;1;1;0;7;2;5;
202300040366;155 608 981;A01;1;1;0;2;0;1;5;
202300040368;155 608 976;B01;2;1;0;2;1;1;5;
202300040373;155 608 968;A01;1;1;0;2;0;0;5;
202300040374;155 608 965;A01;2;80;0;1;1;21;3;
202300040380;155 608 952;B01;1;1;0;2;1;1;5;
202300040382;155 608 948;A01;1;1;0;2;1;1;5;
202300040402;155 608 914;A01;3;1;0;0;1;2;5;
202300040411;155 608 900;A01;2;1;0;2;1;1;5;
202300040429;155 608 868;A01;2;1;0;2;7;9;5;
202300040454;155 608 824;B01;1;1;0;2;8;1;5;
202300040459;155 608 815;B01;2;1;0;2;4;2;5;
202300040473;155 608 794;B01;1;1;0;2;4;1;5;
202300040489;155 608 772;B01;3;1;0;2;8;1;5;
202300040493;155 608 763;B01;2;1;0;2;7;1;5;
202300040516;155 608 727;B01;1;1;0;2;0;0;5;
202300040521;155 608 721;B01;0;1;0;2;7;13;5;
202300040525;155 608 711;A01;3;1;0;0;0;0;5;
202300040531;155 608 704;B01;1;1;0;2;8;1;5;
202300040554;155 608 663;B01;1;1;0;2;1;1;5;
202300040557;155 608 657;B01;1;1;0;2;8;0;5;
202300040561;155 608 650;A01;3;1;0;2;7;19;5;
202300040566;155 608 641;B01;2;1;0;2;1;1;5;
202300040597;155 608 592;B01;2;1;0;2;1;25;5;
202300040598;155 608 586;B01;2;1;0;2;0;2;5;
202300040610;155 608 562;A01;3;1;0;2;1;1;5;
202300040624;155 608 538;A01;0;1;0;2;8;19;5;
202300040630;155 608 530;B01;2;1;0;2;8;15;5;
202300040634;155 608 523;B01;2;1;0;2;1;1;5;
202300040642;155 608 512;A01;2;1;0;0;4;1;5;
202300040644;155 608 508;A01;1;1;0;1;1;1;5;
202300040648;155 608 501;B01;1;1;0;2;4;2;5;
202300040650;155 608 497;B01;1;1;0;2;4;1;5;
202300040660;155 608 474;B01;3;1;0;2;1;1;5;
202300040683;155 608 423;B01;3;1;0;2;7;1;5;
202300040706;155 608 381;B01;2;1;0;2;1;1;5;
202300040711;155 608 375;B01;2;1;0;2;4;1;5;
202300040713;155 608 372;B01;1;1;0;0;5;1;5;
202300040720;155 608 355;A01;3;1;0;2;1;15;5;
202300040722;155 608 353;B01;1;1;0;2;1;1;5;
202300040726;155 608 345;A01;1;1;0;2;6;15;5;
202300040730;155 608 340;B01;1;1;0;2;1;1;5;
202300040733;155 608 336;B01;1;1;0;2;6;2;5;
202300040760;155 608 295;B01;2;1;0;2;7;1;5;
202300040778;155 608 267;B01;2;1;0;2;4;1;5;
202300040786;155 608 252;B01;3;1;0;2;8;1;5;
202300040789;155 608 245;B01;0;1;0;2;0;1;5;
202300040819;155 608 181;B01;2;1;0;2;1;1;5;
202300040821;155 608 176;B01;3;1;0;2;8;19;5;
202300040824;155 608 171;A01;3;1;0;2;0;10;5;
202300040825;155 608 169;B01;2;1;12;2;8;1;5;
202300040830;155 608 161;A01;2;1;0;1;1;1;5;
202300040837;155 608 148;A01;2;1;0;2;8;7;5;
202300040853;155 608 122;B01;2;1;0;2;1;1;5;
202300040858;155 608 113;B01;1;1;0;2;1;1;5;
202300040874;155 608 088;A01;2;1;0;2;1;9;5;
202300040877;155 608 082;B01;2;1;0;2;1;1;5;
202300040885;155 608 068;B01;1;1;0;2;4;1;5;
202300040890;155 608 060;B01;2;1;1;0;3;22;5;
202300040893;155 608 056;B01;1;1;0;2;1;1;5;
202300040894;155 608 053;B01;1;1;5;0;4;26;5;
202300040897;155 608 049;A01;2;1;0;1;3;1;5;
202300040900;155 608 045;A01;0;1;0;2;1;19;5;
202300040902;155 608 040;A01;2;1;0;2;1;12;5;
202300040907;155 608 032;B01;2;1;0;0;4;0;5;
202300040910;155 608 024;B01;2;1;0;2;2;1;5;
202300040915;155 608 017;A01;1;1;0;2;1;1;5;
202300040920;155 608 009;B01;2;80;0;2;1;5;3;
202300040948;155 607 954;B01;3;1;0;2;1;1;5;
202300040954;155 607 941;B01;1;1;0;2;7;21;5;
202300040955;155 607 942;B01;2;1;0;2;1;15;5;
202300040961;155 607 929;A01;2;1;0;0;1;1;5;
202300040965;155 607 924;B01;2;1;0;2;1;1;5;
202300040969;155 607 918;B01;1;1;0;2;8;19;5;
202300040975;155 607 908;A01;3;1;0;0;0;0;5;
202300040975;155 607 909;B01;3;1;0;0;0;0;5;
202300040984;155 607 894;A01;1;1;12;2;9;1;5;
202300040989;155 607 887;B01;0;1;0;2;1;1;5;
202300040998;155 607 872;B01;3;1;0;2;0;0;5;
202300041003;155 607 864;B01;2;1;0;2;8;9;5;
202300041011;155 607 854;B01;1;1;0;2;3;19;5;
202300041020;155 607 837;B01;1;1;0;2;1;1;5;
202300041022;155 607 832;B01;1;1;0;2;4;2;5;
202300041027;155 607 825;_01;2;1;0;2;5;15;5;
202300041035;155 607 812;B01;3;1;0;2;8;19;5;
202300041044;155 607 800;A01;1;1;0;0;0;1;5;
202300041061;155 607 765;B01;1;1;0;0;4;2;5;
202300041084;155 607 723;B01;2;1;0;2;1;1;5;
202300041093;155 607 708;B01;1;1;0;2;3;1;5;
202300041100;155 607 696;A01;1;1;0;2;1;1;5;
202300041100;155 607 697;B01;1;1;0;2;4;1;5;
202300041112;155 607 674;A01;3;1;0;2;1;1;5;
202300041122;155 607 653;A01;3;80;15;0;0;0;3;
202300041155;155 607 599;B01;1;1;0;2;8;1;5;
202300041213;155 607 508;A01;3;1;0;0;0;26;5;
202300041214;155 607 506;B01;1;1;0;2;1;1;5;
202300041214;155 607 507;A01;2;1;0;2;1;5;5;
202300041225;155 607 490;B01;2;1;0;2;1;1;5;
202300041244;155 607 450;B01;1;1;0;2;8;15;5;
202300041246;155 607 447;A01;1;1;0;0;0;3;5;
202300041253;155 607 438;B01;1;1;0;9;4;23;5;
202300041264;155 607 417;B01;2;80;0;2;1;17;3;
202300041273;155 607 399;A01;3;1;0;0;0;1;5;
202300041279;155 607 389;B01;3;1;0;2;8;19;5;
202300041281;155 607 385;A01;0;1;0;2;4;1;5;
202300041282;155 607 383;B01;3;1;0;2;8;1;5;
202300041289;155 607 370;B01;2;1;0;2;1;1;5;
202300041299;155 607 352;B01;2;1;0;2;2;1;5;
202300041300;155 607 349;A01;3;1;0;2;1;1;5;
202300041300;155 607 350;B01;3;1;0;2;1;1;5;
202300041301;155 607 347;B01;3;1;0;2;8;15;5;
202300041306;155 607 340;A01;2;1;0;2;1;1;5;
202300041309;155 607 332;B01;1;1;0;2;7;14;5;
202300041312;155 607 328;A01;3;80;14;0;7;1;3;
202300041322;155 607 314;A01;0;1;0;2;1;1;5;
202300041328;155 607 304;A01;0;1;0;-1;0;0;5;
202300041356;155 607 255;Z01;0;80;0;2;1;19;3;
202300041356;155 607 256;B01;2;1;0;2;3;1;5;
202300041366;155 607 240;C01;1;1;0;2;1;1;5;
202300041368;155 607 237;B01;2;1;0;2;7;7;5;
202300041372;155 607 230;A01;2;1;0;1;0;1;5;
202300041377;155 607 223;A01;3;80;0;0;0;23;3;
202300041381;155 607 217;Y01;2;1;0;2;4;23;5;
202300041400;155 607 185;A01;1;80;0;2;1;1;3;
202300041401;155 607 182;B01;0;1;0;2;0;0;5;
202300041404;155 607 178;A01;2;1;0;2;8;0;5;
202300041412;155 607 162;B01;1;1;0;2;1;1;5;
202300041454;155 607 087;B01;1;1;0;2;4;1;5;
202300041471;155 607 058;B01;3;1;0;2;1;1;5;
202300041471;155 607 059;A01;3;80;0;2;8;11;3;
202300041493;155 607 026;B01;2;1;1;0;1;17;5;
202300041494;155 607 024;A01;0;1;0;9;1;1;5;
202300041506;155 607 002;A01;1;1;0;2;3;1;5;
202300041523;155 606 966;A01;2;1;0;0;8;1;5;
202300041527;155 606 960;B01;0;1;0;2;1;25;5;
202300041528;155 606 956;B01;3;1;0;2;1;1;5;
202300041532;155 606 950;B01;1;1;0;2;1;1;5;
202300041533;155 606 946;A01;1;1;0;2;3;2;5;
202300041534;155 606 945;A01;2;1;0;2;3;2;5;
202300041537;155 606 938;B01;1;1;0;2;1;0;5;
202300041541;155 606 930;B01;3;1;0;2;4;16;5;
202300041542;155 606 928;A01;1;1;0;0;0;1;5;
202300041545;155 606 924;B01;2;1;0;2;1;19;5;
202300041550;155 606 914;B01;1;1;0;2;1;1;5;
202300041571;155 606 875;B01;0;1;0;2;7;1;5;
202300041574;155 606 868;B01;1;1;0;0;4;1;5;
202300041576;155 606 865;B01;2;1;0;2;3;15;5;
202300041613;155 606 796;A01;1;1;14;0;1;1;5;
202300041616;155 606 794;B01;1;1;0;2;4;7;5;
202300041623;155 606 780;A01;1;1;0;2;1;15;5;
202300041630;155 606 766;B01;1;1;0;2;1;1;5;
202300041630;155 606 767;A01;1;1;0;2;8;1;5;
202300041652;155 606 726;B01;1;1;0;2;1;1;5;
202300041675;155 606 691;B01;1;1;0;2;7;1;5;
202300041698;155 606 656;A01;1;1;0;2;3;1;5;
202300041727;155 606 606;B01;3;1;0;2;7;0;5;
202300041733;155 606 594;A01;3;1;8;0;1;1;5;
202300041745;155 606 574;B01;3;1;0;2;3;15;5;
202300041750;155 606 570;A01;3;1;0;1;1;1;5;
202300041754;155 606 567;B01;1;1;0;2;4;15;5;
202300041760;155 606 550;B01;0;80;0;2;8;1;5;