Num_Acc;id_vehicule;num_veh;senc;catv;obs;obsm;choc;manv;motor;occutc
202300050451;155 591 035;B01;2;1;0;2;7;26;5;
202300050452;155 591 036;B01;1;1;0;2;4;19;5;
202300050459;155 591 023;B01;1;1;0;2;4;0;5;
202300050462;155 591 018;B01;3;1;0;2;1;1;5;
202300050481;155 590 988;A01;2;80;0;2;3;5;3;
202300050486;155 590 992;B01;2;1;0;2;8;1;5;
202300050512;155 590 938;A01;1;1;0;2;1;1;5;
202300050525;155 590 913;B01;2;1;0;2;7;2;5;
202300050528;155 590 905;B01;1;1;0;2;1;1;5;
202300050532;155 590 901;A01;1;80;10;0;1;21;3;
202300050536;155 590 894;A01;1;1;0;0;8;1;5;
202300050545;155 590 876;B01;2;1;0;2;0;0;5;
202300050554;155 590 865;B01;3;80;0;2;4;15;3;
202300050563;155 590 850;B01;2;1;0;2;7;1;5;
202300050568;155 590 836;B01;2;1;1;0;7;1;5;
202300050573;155 590 828;B01;1;1;0;2;8;16;5;
202300050574;155 590 829;B01;2;1;0;2;1;1;5;
202300050595;155 590 793;B01;1;1;0;2;8;1;5;
202300050599;155 590 786;A01;3;1;1;0;1;1;5;
202300050601;155 590 788;B01;2;80;12;2;4;1;5;
202300050620;155 590 752;A01;2;1;0;2;7;17;5;
202300050620;155 590 755;B01;2;1;0;2;8;2;5;
202300050629;155 590 740;B01;2;1;0;0;8;5;5;
202300050631;155 590 730;B01;1;1;0;2;0;26;5;
202300050637;155 590 724;B01;1;1;0;2;1;1;5;
202300050652;155 590 700;A01;1;1;0;2;1;1;5;
202300050653;155 590 693;B01;1;1;0;2;9;1;5;
202300050657;155 590 691;B01;1;1;0;2;8;1;5;
202300050660;155 590 684;B01;2;1;0;2;1;1;5;
202300050661;155 590 685;B01;3;1;0;2;0;13;5;
202300050681;155 590 647;B01;3;1;0;2;1;0;5;
202300050692;155 590 630;B01;1;1;0;0;2;9;5;
202300050714;155 590 588;B01;1;1;0;2;1;5;5;
202300050724;155 590 566;A01;2;80;0;1;3;1;3;
202300050729;155 590 558;B01;2;80;0;2;6;11;3;
202300050733;155 590 553;B01;1;1;0;2;0;1;5;
202300050734;155 590 549;B01;1;1;0;0;4;1;5;
202300050752;155 590 516;Y01;1;1;0;2;1;1;5;
202300050760;155 590 500;B01;1;1;0;2;7;1;5;
202300050762;155 590 499;B01;2;1;0;2;1;1;5;
202300050774;155 590 474;A01;2;80;0;1;1;1;3;
202300050779;155 590 469;B01;3;1;0;2;8;19;5;
202300050783;155 590 462;B01;3;1;0;2;1;1;5;
202300050792;155 590 444;B01;2;1;0;2;1;15;5;
202300050794;155 590 441;B01;2;1;0;2;1;5;5;
202300050798;155 590 432;A01;2;80;0;2;2;17;3;
202300050802;155 590 427;B01;1;1;0;2;0;1;5;
202300050806;155 590 417;B01;1;80;0;2;0;1;3;
202300050829;155 590 374;B01;1;1;1;0;1;17;5;
202300050875;155 590 298;A01;1;1;0;2;4;1;5;
202300050882;155 590 285;A01;3;80;0;2;1;13;3;
202300050884;155 590 281;A01;2;1;6;0;0;0;5;
202300050903;155 590 247;A01;2;80;0;6;1;1;3;
202300050927;155 590 212;B01;3;1;0;2;1;1;5;
202300050929;155 590 206;B01;1;1;0;2;1;11;5;
202300050961;155 590 142;A01;2;1;0;2;8;19;5;
202300050977;155 590 116;B01;1;1;0;2;8;13;5;
202300050982;155 590 110;B01;2;1;0;2;8;9;5;
202300051002;155 590 075;B01;3;1;0;2;1;19;5;
202300051004;155 590 071;Y01;1;1;0;2;2;19;5;
202300051025;155 590 038;B01;2;1;0;2;1;1;5;
202300051028;155 590 031;A01;2;1;0;2;8;13;5;
202300051028;155 590 034;B01;2;1;0;2;7;17;5;
202300051047;155 589 997;B01;2;1;1;2;4;21;5;
202300051053;155 589 986;A01;1;1;0;2;4;19;5;
202300051057;155 589 977;A01;3;1;8;1;1;1;5;
202300051094;155 589 906;B01;2;1;0;2;1;1;5;
202300051098;155 589 898;A01;1;1;0;0;8;1;5;
202300051112;155 589 872;C01;1;1;0;2;4;1;5;
202300051112;155 589 873;D01;1;1;0;2;4;1;5;
202300051112;155 589 876;E01;1;1;0;2;4;1;5;
202300051114;155 589 865;A01;2;80;0;1;7;0;3;
202300051119;155 589 859;B01;1;1;0;2;1;15;5;
202300051122;155 589 851;A01;1;80;0;1;1;1;3;
202300051139;155 589 825;B01;3;1;0;2;8;1;5;
202300051144;155 589 820;B01;1;1;0;2;3;1;5;
202300051150;155 589 809;A01;1;1;0;0;0;1;5;
202300051178;155 589 757;A01;2;1;0;2;1;12;5;
202300051195;155 589 726;B01;2;1;0;9;1;1;5;
202300051201;155 589 710;A01;3;1;0;2;0;0;5;
202300051215;155 589 688;B01;2;1;0;2;4;1;5;
202300051221;155 589 684;A01;2;1;0;2;1;1;5;
202300051240;155 589 652;B01;3;1;0;2;1;21;5;
202300051278;155 589 576;A01;1;1;0;2;1;13;5;
202300051285;155 589 567;A01;1;1;0;2;1;1;5;
202300051293;155 589 554;A01;2;1;0;1;1;1;5;
202300051295;155 589 552;A01;2;1;0;0;3;1;5;
202300051296;155 589 546;B01;1;1;0;2;4;7;5;
202300051298;155 589 542;A01;2;1;0;2;7;1;5;
202300051319;155 589 509;A01;1;1;0;2;1;2;5;
202300051333;155 589 493;B01;3;1;0;2;7;19;5;
202300051352;155 589 453;B01;3;1;0;2;5;2;5;
202300051364;155 589 433;B01;1;1;0;2;1;1;5;
202300051402;155 589 366;B01;1;1;0;2;3;1;5;
202300051422;155 589 331;B01;1;1;0;2;1;1;5;
202300051435;155 589 317;B01;3;1;0;2;3;21;5;
202300051437;155 589 315;A01;1;1;0;2;0;1;5;
202300051444;155 589 295;B01;3;1;0;2;1;9;5;
202300051449;155 589 288;B01;2;80;0;2;4;1;3;
202300051450;155 589 286;B01;1;1;0;2;1;1;5;
202300051452;155 589 280;B01;1;1;0;2;4;2;5;
202300051461;155 589 263;B01;1;1;0;2;8;16;5;
202300051464;155 589 256;B01;1;80;0;2;4;1;3;
202300051467;155 589 252;B01;1;1;0;2;3;1;5;
202300051471;155 589 247;B01;3;1;0;2;0;0;5;
202300051485;155 589 222;A01;1;1;0;0;2;0;5;
202300051492;155 589 216;B01;1;1;0;2;3;15;5;
202300051494;155 589 208;B01;1;1;0;2;3;12;5;
202300051513;155 589 183;Y01;2;1;1;2;2;1;5;
202300051519;155 589 164;B01;1;1;0;2;2;1;5;
202300051520;155 589 162;A01;1;1;0;2;0;1;5;
202300051520;155 589 163;B01;1;1;0;2;4;1;5;
202300051520;155 589 166;C01;1;1;0;2;1;1;5;
202300051537;155 589 134;B01;1;1;0;2;8;1;5;
202300051542;155 589 127;B01;2;1;0;2;8;1;5;
202300051550;155 589 118;A01;2;1;1;0;6;2;5;
202300051563;155 589 089;B01;2;1;0;2;1;1;5;
202300051570;155 589 081;A01;2;80;0;2;8;15;3;
202300051594;155 589 047;Z01;3;1;0;1;1;1;5;
202300051597;155 589 038;B01;1;1;1;0;6;17;5;
202300051615;155 589 004;B01;3;1;0;2;4;1;5;
202300051640;155 588 951;A01;1;1;14;0;1;26;5;
202300051646;155 588 934;B01;1;80;0;2;3;1;3;
202300051655;155 588 926;A01;3;1;0;2;1;15;5;
202300051665;155 588 895;A01;1;80;0;2;1;1;3;
202300051669;155 588 890;B01;1;1;0;2;0;13;5;
202300051687;155 588 858;B01;1;1;0;2;2;1;5;
202300051705;155 588 828;B01;2;1;0;2;8;1;5;
202300051732;155 588 770;B01;1;1;0;2;4;1;5;
202300051740;155 588 757;B01;1;1;0;2;0;1;5;
202300051757;155 588 730;B01;1;1;0;2;6;1;5;
202300051779;155 588 696;B01;1;1;0;0;4;1;5;
202300051782;155 588 682;B01;1;1;0;2;1;1;5;
202300051783;155 588 679;B01;1;1;0;2;7;19;5;
202300051793;155 588 661;B01;1;1;0;2;3;1;5;
202300051801;155 588 647;B01;1;1;0;2;1;1;5;
202300051832;155 588 589;A01;2;1;0;2;1;5;5;
202300051855;155 588 550;A01;3;1;0;0;0;1;5;
202300051878;155 588 512;A01;2;1;0;0;1;1;5;
202300051879;155 588 518;B01;1;1;14;2;3;25;5;
202300051880;155 588 510;B01;1;1;0;9;4;1;5;
202300051888;155 588 503;B01;1;1;0;0;4;1;5;
202300051896;155 588 478;B01;2;1;0;2;7;15;5;
202300051926;155 588 433;A01;3;1;6;0;1;5;5;
202300051949;155 588 390;B01;3;1;0;2;2;1;5;
202300051974;155 588 355;A01;2;1;0;2;8;15;5;
202300051988;155 588 317;B01;2;1;0;2;1;1;5;
202300052010;155 588 290;A01;1;1;0;2;3;2;5;
202300052017;155 588 272;B01;1;1;0;2;8;1;5;
202300052022;155 588 265;B01;2;80;0;0;4;2;3;
202300052034;155 588 236;B01;3;1;0;2;7;5;5;
202300052041;155 588 226;B01;1;80;1;2;1;1;3;
202300052044;155 588 217;B01;1;80;0;2;6;1;2;
202300052060;155 588 195;B01;2;1;0;0;2;15;5;
202300052082;155 588 149;A01;1;80;0;0;1;1;3;
202300052085;155 588 150;B01;1;1;0;2;1;1;5;
202300052086;155 588 154;A01;1;1;0;2;0;26;5;
202300052113;155 588 099;B01;0;1;0;2;8;19;5;
202300052122;155 588 084;B01;1;1;0;2;1;1;5;
202300052123;155 588 089;B01;2;1;0;2;0;2;5;
202300052164;155 588 016;B01;3;1;0;2;8;1;5;
202300052171;155 587 997;B01;3;1;0;2;4;1;5;
202300052178;155 587 982;B01;3;80;0;2;1;1;3;
202300052181;155 587 976;B01;1;1;0;2;6;1;5;
202300052182;155 587 977;A01;2;1;0;2;1;26;5;
202300052190;155 587 963;B01;1;80;0;2;1;1;3;
202300052191;155 587 966;A01;3;1;0;2;7;15;5;
202300052196;155 587 951;B01;2;1;0;0;0;1;5;
202300052202;155 587 937;B01;1;1;0;2;1;1;5;
202300052207;155 587 930;A01;1;1;0;0;1;21;5;
202300052213;155 587 918;A01;1;80;0;2;2;1;3;
202300052240;155 587 871;B01;2;80;0;2;7;1;3;
202300052242;155 587 869;B01;1;1;0;2;3;1;5;
202300052248;155 587 864;A01;2;1;0;2;1;19;5;
202300052254;155 587 851;B01;0;1;0;2;1;19;5;
202300052255;155 587 853;A01;3;1;1;0;2;14;5;
202300052286;155 587 793;A01;1;1;0;1;1;1;5;
202300052287;155 587 787;B01;3;1;0;2;4;12;5;
202300052289;155 587 790;B01;3;1;0;2;1;26;5;
202300052340;155 587 692;B01;3;1;13;2;8;1;5;
202300052345;155 587 683;B01;3;1;12;0;1;25;5;
202300052358;155 587 661;A01;1;1;0;2;8;15;5;
202300052374;155 587 624;B01;2;1;0;2;1;1;5;
202300052375;155 587 629;A01;2;1;0;2;7;1;5;
202300052380;155 587 621;A01;1;1;0;2;8;19;5;
202300052383;155 587 607;A01;2;1;0;0;0;1;5;
202300052384;155 587 614;B01;1;1;0;0;1;1;5;
202300052391;155 587 600;B01;1;1;0;2;1;1;5;
202300052395;155 587 599;B01;2;1;0;2;0;17;5;
202300052399;155 587 582;A01;3;80;16;0;7;5;3;
202300052424;155 587 543;B01;1;1;0;2;6;13;5;
202300052427;155 587 544;B01;2;1;0;2;1;1;5;
202300052428;155 587 541;A01;1;1;12;0;8;13;5;
202300052445;155 587 505;Z01;1;1;0;1;1;1;5;
202300052463;155 587 480;B01;3;1;0;2;3;1;5;
202300052470;155 587 469;B01;3;80;0;2;8;23;3;
202300052510;155 587 400;A01;3;1;0;2;1;1;5;
202300052510;155 587 402;B01;3;1;0;2;4;1;5;
202300052512;155 587 392;B01;1;1;0;2;3;15;5;
202300052512;155 587 396;A01;1;80;0;2;2;17;3;
202300052517;155 587 388;B01;1;1;0;2;8;1;5;
202300052522;155 587 387;B01;1;80;0;2;6;1;3;
202300052525;155 587 378;A01;2;1;0;1;1;1;5;
202300052542;155 587 351;A01;2;1;0;1;1;5;5;
202300052543;155 587 348;B01;3;1;0;2;1;19;5;
202300052548;155 587 343;A01;3;1;0;0;0;21;5;
202300052554;155 587 335;A01;2;80;0;2;1;1;3;
202300052557;155 587 324;A01;1;80;0;0;0;1;3;
202300052559;155 587 321;A01;1;1;0;0;0;0;5;
202300052563;155 587 313;A01;2;1;0;2;8;23;5;
202300052564;155 587 320;B01;2;1;0;2;4;2;5;
202300052569;155 587 297;B01;1;1;0;2;7;1;5;
202300052576;155 587 284;A01;1;1;0;2;8;5;5;
202300052578;155 587 301;A01;3;80;0;2;8;15;3;
202300052580;155 587 280;B01;2;1;0;2;7;15;5;
202300052584;155 587 270;A01;1;1;0;2;1;2;5;
202300052592;155 587 259;A01;2;1;0;2;2;16;5;
202300052592;155 587 262;B01;2;1;0;0;2;2;5;
202300052598;155 587 245;A01;3;1;0;2;1;1;5;
202300052612;155 587 229;B01;1;1;0;2;1;25;5;
202300052616;155 587 212;A01;1;1;0;0;8;1;5;
202300052621;155 587 209;B01;1;80;0;2;0;1;3;
202300052623;155 587 206;B01;3;1;0;2;4;1;5;
202300052627;155 587 192;A01;1;1;0;2;0;1;5;
202300052627;155 587 196;B01;2;1;0;2;7;1;5;
202300052634;155 587 181;A01;1;1;0;2;5;0;5;
202300052643;155 587 166;A01;2;1;9;2;8;15;5;
202300052645;155 587 167;A01;2;1;0;2;3;15;5;
202300052647;155 587 162;B01;2;1;0;2;1;1;5;
202300052649;155 587 161;B01;2;1;0;2;7;1;5;
202300052659;155 587 139;A01;3;1;0;2;2;18;5;
202300052664;155 587 135;B01;2;1;1;0;2;0;5;
202300052676;155 587 115;A01;1;1;0;1;1;1;5;
202300052682;155 587 102;B01;2;1;0;2;7;0;5;
202300052688;155 587 092;A01;2;1;12;0;7;16;5;
202300052689;155 587 090;B01;2;1;0;2;1;5;5;
202300052701;155 587 057;B01;1;1;0;2;2;1;0;
202300052718;155 587 031;B01;3;1;0;2;1;1;5;
202300052727;155 587 020;A01;1;80;0;0;2;1;3;
202300052740;155 586 994;Y01;1;1;1;0;1;1;5;
202300052771;155 586 941;A01;3;1;0;2;1;0;5;
202300052803;155 586 890;B01;2;1;0;2;1;1;5;
202300052807;155 586 887;B01;2;1;0;2;8;15;5;
202300052808;155 586 883;B01;2;1;0;2;3;1;5;
202300052825;155 586 854;B01;1;1;0;2;3;1;5;
202300052828;155 586 843;A01;1;1;0;1;1;1;5;
202300052831;155 586 840;B01;2;80;0;2;8;1;3;
202300052835;155 586 835;B01;2;1;0;2;8;1;5;
202300052838;155 586 825;A01;2;1;0;2;2;1;5;
202300052841;155 586 818;A01;1;80;0;1;5;1;3;
202300052867;155 586 778;A01;3;1;0;2;7;1;5;
202300052883;155 586 748;B01;2;1;0;2;6;1;5;
202300052891;155 586 731;B01;3;1;0;2;7;1;5;
202300052908;155 586 708;B01;1;1;0;2;4;1;5;
202300052920;155 586 684;B01;1;1;0;0;6;1;5;
202300052921;155 586 681;B01;1;1;0;2;1;1;5;
202300052928;155 586 671;A01;1;1;0;2;1;13;5;
202300052929;155 586 669;A01;2;1;0;2;6;15;5;
202300052931;155 586 665;B01;2;1;0;2;8;1;5;
202300052933;155 586 664;A01;1;1;7;1;1;21;5;
202300052937;155 586 656;B01;3;1;0;2;7;1;5;
202300052939;155 586 653;A01;2;1;0;1;1;1;5;
202300052943;155 586 649;B01;3;1;0;2;8;1;5;
202300052952;155 586 630;B01;3;1;0;0;0;0;5;
202300052957;155 586 625;B01;3;1;0;2;7;1;5;
202300052963;155 586 610;B01;3;1;0;2;1;23;5;
202300052964;155 586 606;B01;1;1;0;2;2;1;5;
202300052967;155 586 600;A01;1;1;0;2;4;13;5;
202300052973;155 586 592;B01;2;1;0;2;1;1;0;
202300052980;155 586 582;B01;1;1;0;2;8;15;0;
202300052985;155 586 566;B01;0;1;0;2;8;1;5;
202300052987;155 586 570;B01;0;1;0;2;8;25;5;
202300052988;155 586 563;B01;2;1;0;2;1;2;5;
202300052996;155 586 547;B01;1;1;0;2;7;19;5;
202300053000;155 586 546;B01;1;1;0;2;3;1;5;
202300053041;155 586 479;B01;3;1;0;2;2;19;5;
202300053065;155 586 427;V01;3;1;0;2;1;1;5;
202300053069;155 586 421;A01;2;1;4;0;1;13;5;
202300053070;155 586 414;B01;2;1;0;0;0;0;5;
202300053071;155 586 413;A01;2;1;0;0;0;1;5;
202300053078;155 586 399;B01;1;1;0;2;7;1;5;
202300053085;155 586 392;A01;2;1;0;2;6;21;5;
202300053101;155 586 354;B01;2;1;0;2;8;26;5;
202300053113;155 586 336;B01;0;1;0;2;1;1;5;
202300053115;155 586 343;B01;0;1;0;2;8;1;5;
202300053153;155 586 263;A01;3;1;0;0;0;0;5;
202300053160;155 586 258;B01;2;1;0;0;4;1;5;
202300053162;155 586 250;B01;1;1;0;2;1;1;5;
202300053177;155 586 221;B01;2;1;0;2;8;1;5;
202300053184;155 586 207;B01;1;1;0;2;0;26;5;
202300053187;155 586 205;B01;1;1;0;0;0;0;5;
202300053220;155 586 140;B01;1;1;0;0;6;2;5;
202300053253;155 586 087;B01;2;1;0;2;1;13;5;
202300053255;155 586 084;B01;1;1;0;2;7;1;5;
202300053256;155 586 081;B01;1;1;0;2;8;1;5;
202300053314;155 585 988;B01;0;1;0;0;0;1;5;
202300053332;155 585 957;B01;2;1;0;0;3;1;5;
202300053336;155 585 942;B01;2;1;0;2;8;13;5;
202300053354;155 585 911;B01;1;1;0;2;4;0;5;
202300053361;155 585 890;B01;3;1;0;2;1;19;5;
202300053374;155 585 873;B01;3;1;0;0;0;19;5;
202300053421;155 585 790;A01;2;1;0;2;1;1;5;
202300053421;155 585 793;Z01;1;1;0;2;1;1;5;
202300053447;155 585 751;B01;3;1;0;2;2;1;5;
202300053487;155 585 661;A01;1;1;0;0;0;1;5;
202300053489;155 585 655;B01;2;1;0;2;1;1;5;
202300053490;155 585 653;A01;1;1;0;2;1;19;5;
202300053502;155 585 639;B01;2;1;0;2;0;0;0;
202300053503;155 585 637;B01;1;1;0;0;6;15;5;
202300053533;155 585 580;B01;1;1;0;2;8;1;5;
202300053534;155 585 574;A01;3;1;12;0;0;0;5;
202300053545;155 585 565;B01;1;1;0;2;8;1;5;
202300053567;155 585 523;A01;1;1;0;2;8;2;5;
202300053570;155 585 504;B01;2;1;0;2;8;2;0;
202300053575;155 585 499;A01;1;1;0;0;0;0;5;
202300053579;155 585 488;A01;0;1;0;2;1;13;5;
202300053584;155 585 485;A01;2;1;0;2;1;2;5;
202300053584;155 585 492;B01;2;1;0;2;4;2;5;
202300053593;155 585 461;B01;3;1;0;2;7;1;5;
202300053608;155 585 445;B01;1;1;0;2;8;16;5;
202300053634;155 585 389;A01;2;1;0;0;3;1;5;
202300053660;155 585 346;A01;1;1;0;0;0;1;5;
202300053672;155 585 326;A01;2;80;0;2;1;1;3;
202300053679;155 585 317;B01;3;1;0;2;0;25;5;
202300053691;155 585 298;B01;3;1;0;2;8;26;5;
202300053696;155 585 283;B01;1;80;0;2;1;19;3;
202300053697;155 585 279;A01;3;80;0;1;5;0;3;
202300053702;155 585 274;B01;1;1;0;2;8;1;5;
202300053718;155 585 251;A01;3;1;0;2;1;19;5;
202300053721;155 585 241;A01;3;1;0;1;3;7;5;
202300053726;155 585 237;B01;3;1;0;0;0;0;5;
202300053737;155 585 221;B01;3;1;0;2;1;1;5;
202300053739;155 585 219;B01;3;1;0;2;8;19;5;
202300053746;155 585 205;B01;1;1;0;2;8;2;5;
202300053750;155 585 194;A01;2;1;8;0;1;15;5;
202300053754;155 585 191;B01;2;1;0;2;0;1;5;
202300053757;155 585 182;A01;1;1;0;2;1;2;5;
202300053759;155 585 172;A01;3;1;0;2;8;1;5;
202300053770;155 585 159;A01;2;1;0;1;8;1;5;
202300053771;155 585 155;A01;2;1;0;2;7;1;5;
202300053773;155 585 154;B01;3;1;0;2;3;0;5;
202300053778;155 585 146;A01;3;80;0;2;1;5;3;
202300053781;155 585 142;B01;3;1;0;2;1;1;5;
202300053782;155 585 140;B01;1;1;0;2;8;5;5;
202300053809;155 585 096;B01;0;1;1;0;1;2;5;
202300053820;155 585 075;B01;3;1;0;2;4;2;5;
202300053826;155 585 051;B01;2;80;0;2;2;1;3;
202300053842;155 585 023;A01;1;1;0;1;1;14;5;
202300053843;155 585 022;A01;0;1;0;-1;8;1;5;
202300053863;155 584 989;A01;3;1;0;2;1;1;5;
202300053863;155 584 994;B01;3;1;0;2;1;1;5;
202300053867;155 584 984;B01;3;1;0;2;3;1;5;
202300053868;155 584 988;A01;2;1;0;2;1;2;5;
202300053881;155 584 962;A01;1;80;0;2;1;1;3;
202300053882;155 584 961;B01;2;1;0;2;8;1;5;
202300053883;155 584 958;A01;1;80;1;0;1;15;3;
202300053888;155 584 954;B01;2;80;0;2;8;23;3;
202300053896;155 584 925;B01;3;1;0;2;8;1;5;
202300053897;155 584 934;B01;1;1;0;0;1;1;5;
202300053900;155 584 923;A01;1;80;0;2;8;15;3;
202300053905;155 584 919;A01;1;1;0;2;1;1;5;
202300053926;155 584 888;A01;1;1;0;2;8;15;5;
202300053934;155 584 871;A01;1;1;0;0;0;1;5;
202300053943;155 584 856;A01;1;1;0;2;1;2;5;
202300053978;155 584 805;A01;2;1;0;2;1;1;5;
202300053993;155 584 778;B01;1;1;1;0;1;1;5;
202300054001;155 584 760;A01;1;1;0;2;0;1;5;
202300054011;155 584 741;A01;2;1;0;2;8;16;5;
202300054020;155 584 732;B01;1;1;0;2;3;8;5;
202300054037;155 584 691;B01;1;80;0;2;2;11;3;
202300054039;155 584 700;B01;2;1;0;2;1;1;5;
202300054060;155 584 656;A01;2;1;0;2;1;1;5;
202300054070;155 584 648;B01;3;1;0;2;1;1;5;
202300054084;155 584 612;B01;1;1;0;2;1;1;5;
202300054088;155 584 609;B01;1;80;12;2;8;1;3;
202300054096;155 584 597;B01;1;1;0;2;8;19;5;
202300054104;155 584 583;A01;2;1;0;1;1;1;5;
202300054107;155 584 579;A01;0;1;0;0;0;0;5;
202300054116;155 584 573;A01;2;1;0;2;1;1;5;
202300054121;155 584 556;A01;2;80;0;2;1;15;3;
202300054122;155 584 551;A01;3;1;0;2;3;5;5;
202300054138;155 584 533;A01;2;1;11;0;0;1;5;
202300054141;155 584 522;B01;3;1;0;2;8;1;5;
202300054147;155 584 508;B01;1;1;0;2;2;14;5;
202300054153;155 584 498;B01;2;1;0;2;7;1;5;
202300054154;155 584 500;B01;2;1;0;2;3;15;5;
202300054159;155 584 491;B01;1;1;1;0;2;2;5;
202300054171;155 584 475;Z01;2;1;0;2;0;19;5;
202300054180;155 584 452;B01;1;1;0;2;1;1;5;
202300054188;155 584 438;A01;1;1;0;2;1;2;5;
202300054204;155 584 409;A01;3;80;1;2;3;13;3;
202300054205;155 584 408;B01;1;1;0;2;3;1;5;
202300054221;155 584 376;B01;1;1;0;2;8;15;5;
202300054224;155 584 375;B01;1;1;0;2;4;12;5;
202300054231;155 584 361;B01;2;1;0;2;1;1;5;
202300054233;155 584 350;A01;1;1;0;1;1;1;5;
202300054234;155 584 360;B01;2;80;0;2;2;1;3;
202300054272;155 584 290;B01;3;1;0;2;1;1;5;
202300054273;155 584 276;A01;2;1;0;2;8;19;5;
202300054278;155 584 267;B01;3;1;0;2;3;11;5;
202300054288;155 584 245;B01;1;1;0;2;8;13;5;
202300054291;155 584 244;A01;2;80;0;1;2;1;3;
202300054298;155 584 236;A01;3;1;0;2;4;2;5;
202300054301;155 584 227;A01;1;1;0;2;8;10;5;
202300054304;155 584 217;A01;0;1;0;1;1;21;5;
202300054308;155 584 218;B01;3;1;0;2;6;23;5;
202300054326;155 584 180;A01;1;1;0;2;7;17;5;
202300054326;155 584 183;B01;1;1;0;2;8;1;5;
202300054327;155 584 187;B01;1;1;0;2;0;1;5;
202300054337;155 584 170;B01;2;1;0;2;1;1;5;
202300054341;155 584 158;A01;3;1;0;0;1;1;5;
202300054362;155 584 128;A01;2;1;0;2;1;19;5;
202300054364;155 584 114;A01;3;1;0;2;7;17;5;
202300054364;155 584 118;B01;3;1;0;2;6;1;5;
202300054367;155 584 112;A01;3;1;13;0;1;1;5;
202300054379;155 584 091;A01;2;1;0;2;3;1;5;
202300054397;155 584 070;A01;2;1;0;2;3;16;5;
202300054414;155 584 045;B01;2;80;0;0;8;2;3;
202300054420;155 584 033;B01;1;1;0;2;2;9;5;
202300054422;155 584 022;B01;1;80;0;2;1;2;3;
202300054427;155 584 023;B01;3;1;0;2;7;19;5;
202300054450;155 583 977;B01;2;80;0;2;1;5;3;
202300054455;155 583 973;B01;0;1;0;2;2;14;5;
202300054458;155 583 966;B01;3;1;0;0;0;0;5;
202300054477;155 583 930;B01;1;80;0;0;0;0;3;
202300054495;155 583 897;A01;2;1;0;1;1;1;5;
202300054516;155 583 866;B01;1;1;0;2;4;2;5;
202300054521;155 583 865;B01;2;1;0;2;1;1;5;
202300054544;155 583 817;B01;1;1;0;2;2;2;5;
202300054554;155 583 800;A01;2;1;0;0;0;14;5;
202300054564;155 583 784;A01;3;1;0;0;9;0;5;
202300054568;155 583 773;B01;1;1;0;2;3;5;5;
202300054579;155 583 752;B01;0;1;0;2;3;19;5;
202300054580;155 583 758;B01;3;80;0;2;3;15;3;
202300054589;155 583 732;A01;0;1;0;2;0;0;5;
202300054591;155 583 739;A01;2;1;0;2;7;1;5;
202300054592;155 583 729;B01;1;1;0;2;1;1;5;
202300054595;155 583 727;B01;3;1;0;2;1;1;5;
202300054599;155 583 714;B01;1;1;0;2;1;1;5;
202300054602;155 583 715;A01;2;1;0;2;1;1;5;
202300054623;155 583 674;B01;3;1;0;2;8;15;5;
202300054630;155 583 661;A01;2;1;0;2;1;2;5;
202300054662;155 583 609;B01;1;1;0;2;7;16;5;
202300054685;155 583 574;A01;3;1;0;0;7;14;5;
202300054690;155 583 566;B01;3;1;0;2;7;1;5;
202300054714;155 583 523;B01;1;1;0;0;0;23;5;
202300054723;155 583 506;B01;1;1;0;2;8;13;5;
202300054737;155 583 484;A01;3;1;0;0;8;15;5;
202300054741;155 583 477;A01;2;1;0;0;0;1;5;
202300054757;155 583 451;B01;2;1;0;0;7;15;5;
202300054760;155 583 441;B01;3;1;0;2;1;1;5;
202300054797;155 583 386;B01;1;1;0;2;8;19;5;